DATASET,WEIGHT,SMOOTH,FREQ,DZ,DZ_err_low,DZ_err_high,PHI_0,PHI_0_err_low,PHI_0_err_high,DXY,DXY_err_low,DXY_err_high,R2,Chi2,cramer,KS,KS_res,Wavelength_cm,DZ_phys,DZ_err_low_phys,DZ_err_high_phys,DXY_phys,DXY_err_low_phys,DXY_err_high_phys
Horizontal_Copolar,Amplitude,False,0.9,-3.7452507479875576,7.5555840464794315,7.566541799932852,-1373.8537268517966,-1375.8443065574713,-1371.9350545093337,0.031293637784139586,0.06288741271682995,0.062287785966664524,0.9624200469376435,0.0013848531539988446,0.6968617328723993,0.43340126868876455,8.132924852289241e-25,33.31,-124.7553252850587,376.43389338724256,376.79889914746025,1.0423996212298754,1.052397271618892,1.032423540806154
Horizontal_Copolar,Amplitude,False,0.925,-3.7714396849658325,7.610241075288663,7.62045551488878,-1384.6157339465944,-1386.4419018141978,-1382.812986919168,0.015227854275045773,0.0002752485514320689,0.00026753847194929334,0.9753280606361658,0.0008229905213952075,0.7244450647578353,0.32008079607738543,5.271290277901879e-24,32.41,-122.23234306536784,368.8802217608653,369.21127170192597,0.4935346879115438,0.48461388360940766,0.4848637672504365
Horizontal_Copolar,Amplitude,False,0.95,-3.3707442110469525,6.811053966515038,6.820716620683611,-1239.9540246586007,-1241.6736318152794,-1238.2344397831748,0.002249410707397791,0.0002701739777334466,0.0002773017767618946,0.9890877881647578,0.0002975988352731758,0.9999959269709209,0.9952486432790446,4.730383576137433e-23,31.56,-106.37091498095123,321.3080318432873,321.6129571952874,0.07098488052866342,0.06245897306841634,0.06223404039569335
Horizontal_Copolar,Amplitude,False,0.975,-3.675820560138298,7.423968083029299,7.432331102410293,-1350.255854304653,-1351.739206457762,-1348.8230132061503,0.0003991536004132628,0.0010290627805560146,0.0005700735855712225,0.9910867674189274,0.00023620964264247258,0.9232713766602777,0.5765169937891337,4.371968864979657e-22,30.75,-113.02392624520995,341.29568416571266,341.55282982074135,0.012273152716660704,0.019368412454539526,0.005255438202238798
Horizontal_Copolar,Amplitude,False,1.0,-4.2056038668928775,8.480892695886432,8.498492626291167,-1542.9906338842738,-1546.073119082693,-1539.8530103299966,0.05797066121104309,0.11630966278165207,0.11558161475485712,0.9535389229686931,0.0012306305937674585,0.7924723260017568,0.5497554710458715,4.869197980963589e-21,29.98,-126.08083206301205,380.3315987964161,380.8592314360825,1.7379167016343866,1.7489592678118726,1.7271329370623818
Horizontal_Copolar,Amplitude,False,1.025,-3.8480680828693647,7.770919793694221,7.782122702450251,-1414.0269669674944,-1416.0639117341807,-1412.0454233942198,0.004990301092483959,0.0002825241488388754,0.00029836782920990203,0.9637578329929863,0.0007355423003572549,0.9746934872183513,0.9909672163282535,3.2920230137050325e-21,29.25,-112.54846723070777,339.8326765841169,340.16033975999204,0.1459565493342294,0.1376932704049841,0.1372298737335503
Horizontal_Copolar,Amplitude,False,1.05,-4.222275177592766,8.521974890159942,8.53195644984536,-1549.7238931159325,-1551.5392440668104,-1547.9293959641248,0.0029302132481468833,0.006118346340411869,0.005584177632141635,0.9756003251977577,0.0005455455741016645,0.9088052047294525,0.7680228510033488,1.3985194342255817e-20,28.55,-120.55297655646875,363.8695288741191,364.1545189991444,0.08366246020248744,0.09102650058678674,0.07577509582116596
Horizontal_Copolar,Amplitude,False,1.075,-3.957517969707308,7.993848052636798,8.004646128830244,-1456.0313156767013,-1457.9685760354964,-1454.071065417031,0.02090409042451373,0.04203423830038233,0.0415883346566329,0.9855581465272963,0.00024272090561989592,0.918339993232613,0.7436107023680757,5.3640105330816905e-20,27.89,-110.36595718304403,333.2957577949974,333.5968909860397,0.5829663861041148,0.589270601824198,0.5768353879273793
Horizontal_Copolar,Amplitude,False,1.1,-3.609319157863435,7.301637772362685,7.308227879788658,-1330.128941107097,-1331.300956959075,-1328.942289045536,0.015097153884739504,0.00017371463453980975,0.00017024034857835053,0.993310570530222,0.00010578634565483136,0.9418531573126029,0.8584975367198263,3.399928156091359e-20,27.25,-98.36787836748812,297.36569065860215,297.54529652257634,0.41145571562820954,0.40672132133009486,0.40681600903265674
Horizontal_Copolar,Amplitude,False,1.125,-3.967353477691737,8.018959240501967,8.026741174730109,-1460.0368212659937,-1461.476318467391,-1458.6192031765818,0.04172374016998173,0.00023374195938405395,0.00024404901319742545,0.977601145361179,0.0003698988347620273,0.9813164805434432,0.9989311440437575,6.214223350523674e-20,26.65,-105.72290229618258,319.41388019057354,319.6212548741512,1.1118633442233032,1.105634537419616,1.1053598727976206
Horizontal_Copolar,Amplitude,False,1.15,-4.050408437509731,8.187419707477005,8.194434084212483,-1490.598158922262,-1491.8566774908797,-1489.3084498860462,0.00043264459844354427,0.0010487042084894704,0.0006843453234021933,0.9872542371764815,0.00016984704894542222,0.9978596791014782,0.9806242533581482,8.658908823433033e-19,26.07,-105.5897305552158,319.0268330580134,319.20969020956704,0.01127857283546201,0.01606000215392954,0.00656156339267264
Horizontal_Copolar,Amplitude,False,1.175,-3.8658047549040937,7.821160067342417,7.826240798291954,-1424.958328289254,-1425.870616602774,-1424.0602515395983,0.0005514186370536248,0.0001004142177444284,9.38127555655965e-05,0.9942984541383248,6.699595113994834e-05,0.9999996421900714,0.9999708747063956,2.3224173082752652e-18,25.51,-98.6331157124073,298.18416260602675,298.3137936545202,0.014069033922494985,0.01150704029221844,0.011675471660132147
Horizontal_Copolar,Amplitude,False,1.2,-3.87118439874844,7.832411695461428,7.8403056912632305,-1427.5826222702547,-1428.9943637947024,-1426.1904176465441,0.0019107403395121345,0.003961489260539208,0.0036836271372872563,0.9934772225758816,6.898161831543567e-05,0.9995805228844749,0.9750686445483481,6.587943022949747e-18,24.98,-96.71265718933725,292.387486710198,292.58470007727,0.047735461915174776,0.051233254981296175,0.044291507571729394
Horizontal_Copolar,Amplitude,False,1.225,-4.327991706572112,8.747090211677087,8.757150487713167,-1593.075295360502,-1594.9197267181528,-1591.2483943116913,0.008266302035839966,0.016675600602084686,0.01639043210649884,0.978739159696669,0.000251505053985292,0.9542158697403907,0.910829140359655,6.846328500865023e-18,24.47,-105.91830791158108,319.9845670876149,320.2307707513712,0.2023000004812137,0.20579953365145967,0.1988206467750643
Horizontal_Copolar,Amplitude,False,1.25,-4.400837045222475,8.896829205126284,8.902601665296276,-1619.5608730241613,-1620.6139091744565,-1618.5579098602327,0.026504067032695557,0.00012639671355460513,0.00012215791863141867,0.9932120578540387,8.319468030351537e-05,0.9999904696106259,0.9966899221363298,1.3901450566553202e-17,23.98,-105.54702040357623,318.9232040684558,319.0616472703013,0.6356575522182853,0.6326261297031128,0.6327277904030312
Horizontal_Copolar,Amplitude,False,1.275,-4.284372819521168,8.66578064562918,8.671644706409886,-1578.3048978415366,-1579.3635014484853,-1577.2503778107455,0.0156432930962644,0.00013589287051059273,0.00013133656059421614,0.9924254535373457,7.802912919637633e-05,0.9999998485982552,0.9999275913376904,3.7618212676544214e-17,23.51,-100.73903204334441,304.4986932387953,304.6365756854862,0.3678228461602772,0.36462757889164615,0.36473471201707675
Horizontal_Copolar,Amplitude,False,1.3,-4.533477894488519,9.164240037577816,9.173461798051633,-1668.8309150357434,-1670.455249328166,-1667.1481086549688,0.018364112612282643,0.0001932432635655089,0.00018781320501308485,0.9712546041793317,0.0002970791830877079,0.9078853750708924,0.776789218251814,4.476080869447604e-17,23.06,-104.54634471364444,315.88250214191106,316.0951647757213,0.4234940353096165,0.4190376604652899,0.4191628828191757
Horizontal_Copolar,Amplitude,True,0.9,-3.7204729140272126,7.505886157157365,7.517152300888213,-1364.9835378039932,-1366.9877640853738,-1362.962868235445,0.038842471068127125,0.07798583838170438,0.07737483843417431,0.9567996448023368,0.0015919697411565306,0.6978089104045787,0.43340126868876455,1.6465267953906039e-24,33.31,-123.92996886873784,373.9530867045579,374.3283650291415,1.2938533195897461,1.303876255703798,1.2835236805806969
Horizontal_Copolar,Amplitude,True,0.925,-3.7838312565100147,7.635085557744772,7.645091718211259,-1389.0511484284366,-1390.854258651986,-1387.2092099515112,0.007392411739952995,0.0002759923596029872,0.0002620932015560441,0.9787848497800529,0.0007076811953658503,0.6899226619974976,0.32008079607738543,7.12268102408083e-24,32.41,-122.63395384285036,370.0870421019429,370.4113417172284,0.23958803092633138,0.23064311980475305,0.23109359145394479
Horizontal_Copolar,Amplitude,True,0.95,-3.3503775723169347,6.770767442627955,6.7796626676789735,-1232.648848880822,-1234.2489787104244,-1231.0484565776603,0.004109821509618969,0.008483690917595979,0.007947716772351232,0.984513808209297,0.00042234083330806003,0.9999810022065833,0.9952486432790446,7.351765213203447e-23,31.56,-105.72820290873332,319.3939938741869,319.6747013881351,0.1296940518220991,0.13802663797772974,0.12111284782748011
Horizontal_Copolar,Amplitude,True,0.975,-3.688528012281297,7.449285229997699,7.457714626736989,-1354.8276659442602,-1356.3276713612518,-1353.3661525466432,0.007879643790390583,0.0159837291508564,0.015535511952408411,0.9919788233567144,0.0002125692616286057,0.9204959566394455,0.6961099797485474,2.1692865304081986e-22,30.75,-113.4146542772989,342.46486242541226,342.72404904776397,0.24228284923955176,0.24918396615957564,0.2354022086579761
Horizontal_Copolar,Amplitude,True,1.0,-4.165246559743437,8.400549999728423,8.417725770281441,-1528.5430046725498,-1531.6714482065042,-1525.5292585239222,0.06653048076818807,0.1334634742547124,0.13266686262109767,0.9436682465093764,0.0014920786102185254,0.7952626818364573,0.43651137785735566,1.0824683984885654e-20,29.98,-124.8709504321529,376.71310372920124,377.2280203764146,1.994533636141683,2.0066006638623115,1.9827188478910363
Horizontal_Copolar,Amplitude,True,1.025,-3.8811585021623363,7.837402308290066,7.847809896383524,-1425.916386351112,-1427.8101211614494,-1424.0059529884861,0.0030742353830235814,0.006391266852384621,0.005910694732844959,0.968596027045819,0.0006373501480362692,0.973501789777636,0.9909672163282535,3.830705679350491e-21,29.25,-113.51629729276539,342.7449902037072,343.0493918053061,0.0899153738485084,0.09701668463054614,0.08296088980488125
Horizontal_Copolar,Amplitude,True,1.05,-4.238746202990334,8.55489220590109,8.56471519924094,-1555.6451008886754,-1557.3608445880661,-1553.8916688886166,0.011920577636850612,0.024087589779049418,0.023605875052838003,0.9786922831754988,0.0004764133416544546,0.9094916955877889,0.876094907225722,1.870296402503747e-20,28.55,-121.02325171739419,365.279648129978,365.56011092219427,0.34035231147916917,0.3473884263452977,0.33363466998094365
Horizontal_Copolar,Amplitude,True,1.075,-3.948481639953837,7.976441754660566,7.986072842345008,-1452.8086751617225,-1454.5837877164238,-1451.0779274352074,0.028366171140580664,0.05693623222047202,0.05653694259407083,0.9812119298794351,0.00031576676796596067,0.9094614185145826,0.6164200858085225,6.27858211417738e-20,27.89,-110.11395499624481,332.55833450540985,332.8269231054221,0.7910664344449619,0.7967524498930943,0.7856171923533067
Horizontal_Copolar,Amplitude,True,1.1,-3.6182816253131076,7.319906350388424,7.32555113866662,-1333.333576673652,-1334.3330856140203,-1332.3278948004113,0.00782436077879964,0.00014732257028549946,0.00014755934525060438,0.9943785927534098,8.889668883437608e-05,0.9304316392214164,0.8584975367198263,4.8809000421638307e-20,27.25,-98.61214019898651,298.1078417546915,298.2616840231288,0.21324403183228532,0.2092289231536701,0.20922247012196266
Horizontal_Copolar,Amplitude,True,1.125,-3.956661132214326,7.997971889169116,8.005175034647664,-1456.1717233046065,-1457.4647591503392,-1454.8665555741773,0.03366141054541416,0.00017848548173955703,0.00017661194032507488,0.9776464156355436,0.0003691512330651183,0.9781191781682274,0.9989311440437575,8.927504406382705e-20,26.65,-105.43797033774186,318.5696727083119,318.76162370283146,0.8970166228583851,0.8922603027438948,0.8923102292848559
Horizontal_Copolar,Amplitude,True,1.15,-4.057797759807659,8.202691999042106,8.20872046786824,-1493.2602121275806,-1494.318805892465,-1492.18196427957,0.00833223928732034,0.01679507397764065,0.01653468870545776,0.9863575871392333,0.00018179559724905165,0.9989406430623254,0.9981164707075931,9.008877559862592e-19,26.07,-105.78236212866364,319.6175966164694,319.7747522240662,0.21721239100782025,0.22061687073554737,0.2138289106681815
Horizontal_Copolar,Amplitude,True,1.175,-3.8670587832134293,7.8241103803504455,7.828303354038743,-1425.4125006730728,-1426.1549713526733,-1424.6622258182026,0.006760841618567722,0.013600387518202112,0.013446403794892332,0.9934660109910283,7.677756506994316e-05,0.9999991611560047,0.9999708747063956,3.241281408330982e-18,25.51,-98.66511130638665,298.29143322881856,298.3984138150606,0.17249781506205242,0.17450589590257148,0.1705771164214625
Horizontal_Copolar,Amplitude,True,1.2,-3.876177840980421,7.843265380120615,7.8496490248912,-1429.3837758283933,-1430.534534320911,-1428.2606638259101,0.009346379451350893,0.018810256202775176,0.018572590747837632,0.9927715003979196,7.644498165770006e-05,0.9991795698104602,0.9750686445483481,5.0258381801704896e-18,24.98,-96.83740688272113,292.7833908037764,292.9428715168408,0.23349783909343128,0.2364332394598784,0.23049571355009388
Horizontal_Copolar,Amplitude,True,1.225,-4.324544077638146,8.741107831902314,8.749096476710509,-1591.8537843561405,-1593.252651996986,-1590.3803165331362,0.016616062403976582,0.03335416138799466,0.03311849803165064,0.9770277763193158,0.0002717498591091669,0.9549680811426208,0.910829140359655,9.677359342160765e-18,24.47,-105.833934593019,319.7537878639615,319.94929279972786,0.40664246451996156,0.40962904789110866,0.4038616930454839
Horizontal_Copolar,Amplitude,True,1.25,-4.393877895437912,8.883254353559824,8.888132159367998,-1617.0463227650919,-1617.909226845184,-1616.1601205328966,0.018102126453988787,9.01437216769066e-05,9.003075877690031e-05,0.9932810841364641,8.234867729178704e-05,0.999982858880294,0.9966899221363298,1.5490783817476445e-17,23.98,-105.38011635401588,318.43072896944796,318.5477153208783,0.43415047877344976,0.4319885261418667,0.43199123537590317
Horizontal_Copolar,Amplitude,True,1.275,-4.263452121961573,8.624087194929093,8.629651979333435,-1570.7759713172366,-1571.7753774531086,-1569.759334882052,0.0076721840413366904,0.00010930008705831509,0.00010810650676758207,0.9909492378084132,9.323635360281797e-05,0.9999954153150146,0.9999275913376904,5.4226283566632104e-17,23.51,-100.24712087907261,303.026438382925,303.1572839040872,0.18039709113574118,0.17782710354681364,0.17785516836008258
Horizontal_Copolar,Amplitude,True,1.3,-4.5321144707343555,9.161202428468759,9.170940334499608,-1668.3357808721764,-1670.1384604621173,-1666.6541965002818,0.009454110183226318,0.00017176533371088785,0.00017016604100147763,0.9742851072749037,0.0002657594061886905,0.9013991068617997,0.776789218251814,5.073307952787856e-17,23.06,-104.51490285529395,315.7810101065415,316.0055755515232,0.21802084077171138,0.21405976757229775,0.21409664879479123
Horizontal_Copolar,Uniform,False,0.9,-3.3683433549917545,6.80379150097046,6.810991063481194,-1238.9185853314866,-1240.2053624355692,-1237.679533556484,0.011678967408660592,0.023565644271304413,0.02315909616052378,0.9856860218439595,0.0005274822393410457,0.45023875317859097,0.10800780922968767,6.043958197535593e-25,33.31,-112.20043708677161,338.83659017515424,339.07640956866726,0.3890295940382499,0.395948452678191,0.3824062240752819
Horizontal_Copolar,Uniform,False,0.925,-3.4561524434793847,6.981775346947527,6.9878249767962295,-1271.6777464728061,-1272.7460543057214,-1270.5739486908678,0.0007765258049410184,0.0016926122685814442,0.0014144380515007608,0.9911953239078527,0.0002937006637757128,0.627950081769598,0.13441979335135837,5.780087658370019e-24,32.41,-112.01388500036657,338.29319229390194,338.4892607698298,0.025167197812291507,0.029690358127058475,0.020674733014534832
Horizontal_Copolar,Uniform,False,0.95,-3.359596767843616,6.791116036023034,6.796210218956684,-1235.9647127422268,-1236.9036623723323,-1235.0323988018304,0.013491793249725662,0.00014308119133475336,0.0001476099961775796,0.9922822068211081,0.0002104803586656667,0.9999697820020017,0.9952486432790446,2.4912772420164172e-23,31.56,-106.0191339916519,320.32706757086896,320.4878252154143,0.4257618801224278,0.42124665253886845,0.4211037365877492
Horizontal_Copolar,Uniform,False,0.975,-3.593437549145487,7.260078588176395,7.266693549468058,-1320.7635527455116,-1321.9595269966608,-1319.6261721173996,0.007494236391972403,0.015172025953386289,0.014808534489048548,0.9928185451248057,0.00019031578883343283,0.9733860397647544,0.9052627264915449,3.1823813160367507e-22,30.75,-110.49081800285347,333.72331084619407,333.92670730826615,0.23043236397768802,0.23607624662800109,0.22489963128894153
Horizontal_Copolar,Uniform,False,1.0,-3.840408364273233,7.7537492024321075,7.7644926674452215,-1412.0461957676496,-1413.9680238609947,-1410.128390028057,0.030678990532118842,0.06160663243441111,0.06110136553947924,0.980718086800342,0.0005107266943871857,0.5949161747683719,0.18761407787239476,4.095371807791877e-21,29.98,-115.1325463249232,347.58409953618934,347.90618051456113,0.9197329980582636,0.9271873786031997,0.9120398581654341
Horizontal_Copolar,Uniform,False,1.025,-3.5286710479861387,7.1331864517648444,7.142223406839165,-1299.5196375139726,-1301.1757904335095,-1297.9372106940684,0.014824304554187094,0.02988501626187838,0.02940021363698172,0.9844078562632124,0.000316445792809197,0.6586843726568552,0.32490127949287523,7.862191293587258e-21,29.25,-103.20672848284883,311.8384845557153,312.1027978215266,0.43358192199417983,0.440496368983234,0.42631684014785626
Horizontal_Copolar,Uniform,False,1.05,-3.8869692417769537,7.851722686215503,7.860906926228626,-1429.4749150323298,-1431.1651915848258,-1427.8801333819406,0.016958152556023513,0.034126041145097555,0.03370371831290622,0.9894543984338379,0.00023578618597534088,0.5869367778356207,0.31234052478072455,1.6726471659763662e-20,28.55,-110.97943458692468,335.15917207596357,335.421397398668,0.4841834512294544,0.49017176369415805,0.47811374465299983
Horizontal_Copolar,Uniform,False,1.075,-3.682129052468739,7.445582010255171,7.451536874476584,-1357.2129406014465,-1358.3204608669332,-1356.1799514690274,0.014127693455609878,0.028366423243531953,0.028147082115488713,0.9937791172254974,0.00010455294423505951,0.8538794624257995,0.38121493267456624,6.263975069969477e-20,27.89,-102.68600179654085,310.3259396658412,310.49200695718946,0.39398846017933015,0.3970850048296723,0.3909680917211536
Horizontal_Copolar,Uniform,False,1.1,-3.574240949941613,7.2314027731506965,7.237904926261458,-1317.5651773587176,-1318.7257643183714,-1316.4273205489665,0.009168983611082414,0.00015900012573494098,0.00014891701999564418,0.9945765231654845,8.576662593709383e-05,0.959459508030619,0.9429696194116872,4.593346136674562e-20,27.25,-97.41186180611375,294.4954992743741,294.67270804377114,0.24989019401164664,0.24555682687379327,0.24583163042414397
Horizontal_Copolar,Uniform,False,1.125,-3.5687885690336016,7.222566230806402,7.229254857032057,-1317.0189718529202,-1318.1678324955717,-1315.8200701274259,0.0401132191936747,0.00015564949032114556,0.0001569884579431871,0.992524308899408,0.00012345494766313606,0.6864543024252057,0.38121493267456624,6.610425312819093e-20,26.65,-95.10185752825655,287.5703804972562,287.748620470308,1.0689458293657348,1.0647980477399728,1.064762366638231
Horizontal_Copolar,Uniform,False,1.15,-3.7891062750579962,7.664368728903649,7.672475451947533,-1396.825165132272,-1398.2850278088251,-1395.3623137253217,0.0033973184870569008,0.006960641929284923,0.006630081633330441,0.9933615777525574,8.846205943054768e-05,0.8771582472092047,0.5705171228607941,9.051728819888598e-19,26.07,-98.77786815850963,298.5796020938453,298.7909355223368,0.08856438781248951,0.09289195594735306,0.0842746095437529
Horizontal_Copolar,Uniform,False,1.175,-3.7308740187525142,7.550436142369703,7.557295944179931,-1376.534285088637,-1377.8276591652536,-1375.3133571443043,0.0015405780075181416,0.0032310806071202025,0.0029314247850233694,0.9959047434181955,4.812126684876225e-05,0.996286877742494,0.9780177907450375,2.950827205846206e-18,25.51,-95.1904589421408,287.83418746069833,288.00921017100313,0.03930669511613669,0.0431319089012844,0.0354864148195465
Horizontal_Copolar,Uniform,False,1.2,-3.722753146056084,7.536448712733883,7.542688761195027,-1374.305696660513,-1375.4474984927692,-1373.1700961847973,0.0045391771254071735,0.009204029398661388,0.008955325616447605,0.9955812509245897,4.6730471137122034e-05,0.9963861721142193,0.910829140359655,6.278980320920179e-18,24.98,-93.0044430152822,281.28531669706774,281.4412099859182,0.1134009223102659,0.11654062743381403,0.11032733425183348
Horizontal_Copolar,Uniform,False,1.225,-3.935404089444264,7.961685519899021,7.9722182107576245,-1452.1268860730875,-1454.1096127900707,-1450.249802747623,0.009300023871359137,0.018807770496268778,0.0183888997591682,0.9909852095021346,0.0001066404402876072,0.8730834513032042,0.41397027807156755,1.0619235923013604e-17,24.47,-96.31056858757125,291.15573363520684,291.4134986378072,0.2275981237431373,0.23268169230390737,0.22243073002964994
Horizontal_Copolar,Uniform,False,1.25,-4.200915178931332,8.495722826722478,8.504027377299156,-1547.775226874906,-1549.2925672922358,-1546.271332780575,0.022913664654167526,0.00014780327842811233,0.00015230382957540436,0.9963328318113139,4.494571086739161e-05,0.9902462781635571,0.7906561065069353,1.5659061674761283e-17,23.98,-100.7522149873067,304.50850528409387,304.7076766144913,0.5495475078768481,0.5460026832256144,0.5458947447223502
Horizontal_Copolar,Uniform,False,1.275,-4.07196184664096,8.239913359126284,8.247704385782717,-1502.027315110093,-1503.4582348151791,-1500.6568788382524,0.015758287378407017,0.00014933472628129302,0.0001482755752733149,0.9956619064660466,4.468883549605933e-05,0.9913179675045591,0.9679631089866633,4.9809961095028426e-17,23.51,-95.74458438327156,289.49077102166416,289.67396247512886,0.37052672212102084,0.36701539469697175,0.367040298656507
Horizontal_Copolar,Uniform,False,1.3,-4.083036229964081,8.260935127534406,8.274991114907845,-1507.0612947433456,-1509.5829733552239,-1504.573502499019,0.009340216142379494,0.00023230879261103982,0.0002260879932045115,0.9890815766097836,0.00011284020305745872,0.6512981666764055,0.2788029160571654,5.37241425789597e-17,23.06,-94.15872826799885,284.6638088266206,284.9879533654129,0.21539433504424818,0.21003707166333466,0.21018052925908912
Horizontal_Copolar,Uniform,True,0.9,-3.3602006039723906,6.787133984789316,6.794999729900859,-1236.0202017178271,-1237.4389403267649,-1234.6713542990205,0.01610664247283816,0.03243990356304166,0.03199744308309917,0.985274059877534,0.0005426633873213335,0.43379362468725835,0.07727385155673482,7.24842250938808e-25,33.31,-111.92919982644084,338.01048650147675,338.27249661936463,0.536516659673261,0.5440653877097631,0.5293269082820052
Horizontal_Copolar,Uniform,True,0.925,-3.458627374990767,6.986771516167989,6.99273985928026,-1272.563942020523,-1273.6650511890202,-1271.5036739372956,0.005196220320729495,0.010537619684227572,0.010241462054909334,0.9908142536156457,0.0003064121589624835,0.6325922734136131,0.13441979335135837,6.357414076269018e-24,32.41,-112.09409751941294,338.5353306346982,338.72876460786733,0.1684094770011939,0.1731147291181323,0.16351626169664396
Horizontal_Copolar,Uniform,True,0.95,-3.359634880000535,6.791229441612922,6.796099179027513,-1235.963639922085,-1236.8219606715709,-1235.0784236652091,0.009667489684166346,0.00012139824507378418,0.00012043478125924566,0.9919038236643773,0.0002207996585867306,0.9999953902711302,0.9952486432790446,2.883853482668273e-23,31.56,-106.0203367008311,320.33184903168427,320.4855238263511,0.30507794685324974,0.30124697019140173,0.3012773743161548
Horizontal_Copolar,Uniform,True,0.975,-3.5916848282691842,7.256481062336632,7.263412373824391,-1320.1473073550703,-1321.4679212728297,-1318.9317013811722,0.01167480305566205,0.023542562431558882,0.023156934811452416,0.9923712376588909,0.00020216988730040503,0.9740918980852574,0.9052627264915449,2.21872990784172e-22,30.75,-110.43692543878221,333.55880175758733,333.7719253379031,0.3589761953561884,0.364909205564375,0.35305194893828196
Horizontal_Copolar,Uniform,True,1.0,-3.8308736599978146,7.734716210354043,7.745546694040899,-1408.6497172216245,-1410.5938260173957,-1406.7501676974953,0.03512984966105999,0.07052877154960832,0.06999681018569484,0.9802508756912574,0.0005231018763959929,0.5795989896578859,0.18761407787239476,3.0383143854005925e-21,29.98,-114.84670308182011,346.72766154526846,347.0523512778496,1.0531663979059642,1.0612329803517908,1.0452851798669252
Horizontal_Copolar,Uniform,True,1.025,-3.5376863605128404,7.151690893147675,7.159834070890753,-1302.7584376346522,-1304.2033047086543,-1301.3106066383539,0.018823106678451634,0.03786085039479935,0.03743807865037045,0.984050260981962,0.00032370326325010254,0.6677261204822214,0.32490127949287523,7.011020668791665e-21,29.25,-103.47040874646035,312.64338354772445,312.881555574215,0.5505390652028519,0.5568167788778473,0.5444515320061121
Horizontal_Copolar,Uniform,True,1.05,-3.883439466806826,7.844879068323655,7.853672603054148,-1428.2236129748896,-1429.7721103671865,-1426.6863952006292,0.021348893652523415,0.04289172623357098,0.0425018946384414,0.9890167808285698,0.0002455707568615505,0.5995965978435618,0.23252298760278184,1.8884915459770155e-20,28.55,-110.87865364268836,334.8629944622596,335.11406449953233,0.6095464098733897,0.6150836887385461,0.6039533485375977
Horizontal_Copolar,Uniform,True,1.075,-3.678250971482175,7.437719545827823,7.443929509530657,-1355.8352317191557,-1356.9488758774773,-1354.7305337264831,0.01801376132228181,0.03615246899689385,0.03590832445550492,0.9933234505762144,0.000112211228677828,0.8489275760264634,0.38121493267456624,5.685266939392828e-20,27.89,-102.57785115177015,309.9985232037112,310.171704625345,0.5023618404309017,0.5058463031363171,0.49903768060885
Horizontal_Copolar,Uniform,True,1.1,-3.576907469878501,7.2375539837487,7.242663976938154,-1318.5198191286681,-1319.4530167769626,-1317.5893217734063,0.005144282673760116,0.0001261590339704955,0.0001285500117852393,0.9941287368175176,9.284789969886414e-05,0.9704543452932065,0.9429696194116872,5.686384871944226e-20,27.25,-97.48453476667608,294.73581646628656,294.87508350434376,0.14020155885575977,0.13676323822913064,0.13669807485493923
Horizontal_Copolar,Uniform,True,1.125,-3.5711156022044466,7.227541591888857,7.233279699900914,-1317.8255521944584,-1318.8941006594669,-1316.8205666723406,0.036412812965658056,0.00014192993488200412,0.0001432451389849973,0.9921203281430754,0.00013012636070827946,0.7245913734128893,0.49243785106712834,8.283914944610758e-20,26.65,-95.16386881662412,287.7649762948102,287.91788665082834,0.9703365957039021,0.9665544157890527,0.9665193679427586
Horizontal_Copolar,Uniform,True,1.15,-3.7816777610825163,7.6499554336718845,7.657233996508482,-1394.1635476290028,-1395.485434224267,-1392.895130505772,0.007302147784072149,0.014761683001209305,0.014443723590372238,0.9928942748521475,9.46892283883601e-05,0.8565008428746056,0.5705171228607941,9.056468414388022e-19,26.07,-98.58421490077082,298.0102099486795,298.1999541437657,0.1903590289448907,0.1944619476767923,0.1861730926055683
Horizontal_Copolar,Uniform,True,1.175,-3.7326865599265497,7.554677912873553,7.560446377995323,-1377.1875973172234,-1378.244370502884,-1376.1745060834967,0.005092086180503761,0.010305662467876066,0.0100621156730345,0.9954712055992688,5.32155481610226e-05,0.9982164944478359,0.9780177907450375,3.4602718994274085e-18,25.51,-95.23670457395274,287.9886586929887,288.13583676428595,0.12992076871498334,0.13302049788611556,0.1268065836509177
Horizontal_Copolar,Uniform,True,1.2,-3.720038205548785,7.531477830521922,7.53687724825023,-1373.335484096225,-1374.3232883385483,-1372.3657083633798,0.008348031639408842,0.016805980555258684,0.016587270303159915,0.9950849266561227,5.197934734765833e-05,0.9947573409881727,0.910829140359655,6.396649997692233e-18,24.98,-92.93661645794829,281.0933040566712,281.22819611604933,0.20855641038667888,0.2113024412600883,0.20583846758788077
Horizontal_Copolar,Uniform,True,1.225,-3.925995081749742,7.943669034302049,7.952548668707422,-1448.7647810473343,-1450.3874228331804,-1447.2044514466731,0.013041256975431717,0.02627966895584489,0.02588687507446498,0.9905510256468353,0.00011177661705243184,0.8668672822417544,0.41397027807156755,1.2428845727206972e-17,24.47,-96.08030331866662,290.48455354984196,290.701863543681,0.3191567742101486,0.32398171980609897,0.31436893260722204
Horizontal_Copolar,Uniform,True,1.25,-4.198176257554694,8.49163412470411,8.49706887293214,-1546.775737561342,-1547.752234333488,-1545.8180896341312,0.018673667740833733,0.00010909970224632845,0.00010258015374494875,0.9958380408246972,5.100999030046396e-05,0.985865135797571,0.9025824944167903,1.9805951360351697e-17,23.98,-100.68652634956501,304.3447556841029,304.4750994064942,0.44785798015198813,0.4452413987197085,0.44539775963733086
Horizontal_Copolar,Uniform,True,1.275,-4.068247771610512,8.23364155356679,8.239335746377241,-1500.680746880008,-1501.6834053802834,-1499.6885006335124,0.01209011898886937,0.00010286188173406,0.00010736213498022812,0.9952109280316483,4.9334586194921636e-05,0.9882450353337151,0.9679631089866633,6.032845928015568e-17,23.51,-95.65725483954023,289.2559716736364,289.3898599919871,0.2842765873871077,0.2818579821824364,0.2817521671250018
Horizontal_Copolar,Uniform,True,1.3,-4.07679966855866,8.250007061533779,8.26135265473997,-1504.8152204252733,-1506.8507317213894,-1502.7846623014627,0.005385334560968578,0.00020258212437013114,0.00018920849014226158,0.9886159374817662,0.00011765251083112973,0.6711718384352231,0.2788029160571654,5.862361891437562e-17,23.06,-94.01490718544508,284.2679760696427,284.52961632154665,0.12419097578347084,0.11951923785948751,0.11982764668083873
Vertical_Copolar,Amplitude,False,0.9,-3.2104145549454133,6.477650645220164,6.504572755641853,-1183.562086536011,-1188.355694496979,-1178.7173887709791,0.039886191419357724,0.0008245212593142176,0.0008289301892215814,0.9074769217152532,0.002910085515808769,0.6956256258298723,0.4101392522054656,7.493056742753516e-21,33.31,-106.93978562511793,322.7120977357667,323.6088805866406,1.3286199295408623,1.3011549012071884,1.3010080385478464
Vertical_Copolar,Amplitude,False,0.925,-6.627915522590689,13.296544307372084,13.358629804203499,-2417.841103774347,-2428.9538364073687,-2406.2924993353186,0.12946630901169642,0.2603287910907469,0.2575058075280807,0.7428509945728181,0.018805361429922403,0.2190709529928141,0.29834700311743767,2.505829804979531e-18,32.41,-214.81071199284509,645.7516526212759,647.7638432916804,4.1960024872220565,4.241252449995621,4.14975956554748
Vertical_Copolar,Amplitude,False,0.95,-3.678749430352224,7.425087606093657,7.438599127158778,-1352.4884449558183,-1354.8365363997893,-1350.1118630946428,0.08193713117294074,0.0004657271192809176,0.000443367068788586,0.947818134657526,0.001955007081451576,0.8697416221066768,0.6492601138898826,1.6587986346251146e-23,31.56,-116.09066674646242,350.4049050934259,350.83128952620814,2.5856983111372975,2.5710013134692464,2.5717069318374675
Vertical_Copolar,Amplitude,False,0.975,-3.6368020260566567,7.347293322022949,7.352802735813741,-1336.6059416282394,-1337.554081974494,-1335.628814393963,0.023521819066378857,0.047206864305718105,0.04687132660334698,0.986656515475336,0.00029313124472056426,0.9579870487563388,0.898654446175655,3.0050164727330383e-22,30.75,-111.82418652829796,337.73835315970774,337.9077563086801,0.7232475850811264,0.7282664543736115,0.7179493597535589
Vertical_Copolar,Amplitude,False,1.0,-3.3787905064335386,6.825165107231697,6.8464291879190275,-1246.3446620621937,-1250.069701567488,-1242.591204386578,0.00901623487899116,0.0005195217297462671,0.0005313809752415487,0.933465071698857,0.0010811579504017782,0.5823025685389802,0.43651137785735566,3.149318851085436e-20,29.98,-101.29359109907755,305.90689347435995,306.54437457599647,0.2702999216278093,0.2547250519933048,0.2543695207575992
Vertical_Copolar,Amplitude,False,1.025,-3.5051025520878354,7.084010477188923,7.096532314646765,-1290.0790931383808,-1292.2728821750545,-1287.8145777304665,0.006335779108044388,0.0003059673639845186,0.00030813280691668454,0.9703583522007609,0.0006703209820615619,0.7409031285565447,0.4229637996512901,5.955124156651155e-21,29.25,-102.51739606170588,309.7108510328493,310.0770902943286,0.18530915045323657,0.17636020331990002,0.17629686834826172
Vertical_Copolar,Amplitude,False,1.05,-4.077905711806099,8.234424822945,8.241806048901193,-1497.345583562554,-1498.661695007262,-1496.0139389367987,0.011337756923025166,0.02290855567663977,0.0224531191287064,0.9926862603844828,0.00016022654460602832,0.9375756358130306,0.6308040582226205,3.757912112377976e-20,28.55,-116.43098826996095,351.537508068713,351.74825434228063,0.32371181106287916,0.3303655427970913,0.3173620721144266
Vertical_Copolar,Amplitude,False,1.075,-4.742522985654467,9.561362732814985,9.577435219480439,-1738.5315119578352,-1741.5127415166462,-1735.674760117376,0.015280395498758448,0.030942744534534605,0.03017094905537415,0.9430399246043702,0.0012608309272442934,0.49375154451411774,0.39530698914758006,4.3915054190088575e-20,27.89,-132.25791841775361,398.90205195265605,399.3502761650848,0.42613463495673776,0.4367864293478385,0.41526285132264773
Vertical_Copolar,Amplitude,False,1.1,-3.5364652247151627,7.153733032754262,7.164563449927938,-1303.866912451143,-1305.8049298497258,-1301.8788745750212,0.004553907370718046,0.00023688301190457218,0.00023903530054715516,0.9923876235400525,0.00011318550242701162,0.982311444255186,0.9376005487441385,1.5666720135436983e-19,27.25,-96.38232748626191,291.34916473764326,291.644335409067,0.12411155310653457,0.11765557670677866,0.11759691853382545
Vertical_Copolar,Amplitude,False,1.125,-3.713990527864738,7.51248248381361,7.5199386416306915,-1368.4297198115075,-1369.760952959092,-1367.0820127071083,0.02923063557366228,0.00016962346150557403,0.000168770120875638,0.9943340320489761,8.318583482082073e-05,0.9643286810900534,0.8385708439169026,3.9100689149965806e-19,26.65,-98.97123105220332,299.1655056748191,299.36419899741634,0.7789443633360404,0.7744242002729983,0.7744469402805503
Vertical_Copolar,Amplitude,False,1.15,-3.6085605448024443,7.300459103115278,7.314146382938093,-1331.1290089708548,-1333.5962337288329,-1328.6743828812425,0.018398031380717942,0.03715237223508282,0.036444962390792424,0.9870721872247622,0.00016070088109030502,0.9870256834328006,0.9806242533581482,1.907151040486513e-18,26.07,-94.07123787549078,284.386244749526,284.74305720704035,0.47961661304231007,0.4889052124260753,0.47046380929275233
Vertical_Copolar,Amplitude,False,1.175,-4.516722092049997,9.10677166905198,9.144082326342016,-1658.678282676068,-1665.3005105351835,-1652.0526704832644,0.07148679661290282,0.1436979273145219,0.14222972064651612,0.763032061029502,0.0029779195836404245,0.3253834360420945,0.2360639801899748,1.8569900419992146e-16,25.51,-115.24078451732517,347.5932494628448,348.5452029657023,1.823932125202401,1.842412967489162,1.8049527729484431
Vertical_Copolar,Amplitude,False,1.2,-3.7256280467286333,7.543157620042589,7.547434472351728,-1374.9679647726678,-1375.7178956495513,-1374.219238748534,0.0021018967560962713,0.0043018534505500266,0.004108816364426348,0.9932273369604376,7.5626000132463e-05,0.9999964327614852,0.9999708747063956,1.87144819336261e-18,24.98,-93.07626581020965,281.5247461430428,281.63159348189777,0.05251106624769397,0.05496086874365386,0.05013828019913924
Vertical_Copolar,Amplitude,False,1.225,-3.5750399181906456,7.23987208173661,7.252268759208469,-1321.6669480438134,-1323.8399846705356,-1319.3807819773394,0.006501590846766433,0.013256287397579579,0.012754004883600338,0.97833618885743,0.00020135667736644232,0.9999216887781801,0.999960530775474,1.439851871440223e-17,24.47,-87.49142894061164,264.6717593070929,264.9751413814049,0.1591124817030539,0.16530670057244043,0.1530144140845828
Vertical_Copolar,Amplitude,False,1.25,-3.8623428097155563,7.813052076224813,7.832910153709959,-1425.9484972095142,-1429.4799079742145,-1422.3446477186021,0.07560552129218936,0.1516444385964875,0.150780528491983,0.9308244790938246,0.0006401752713660463,0.47039994344569624,0.3974450299113081,5.2268277784985067e-17,23.98,-92.63209956506023,280.01562647813546,280.4918906269695,1.8132772053245427,1.8236715137851414,1.8029520150875065
Vertical_Copolar,Amplitude,False,1.275,-3.6715463926278624,7.44075912965713,7.445255762553128,-1357.733757247352,-1358.5419764849346,-1356.936728639396,0.007454332308431825,0.015012987694639005,0.014807497234799284,0.990612371060355,7.093648742541352e-05,0.9999972429767071,0.9999275913376904,3.231236377993173e-17,23.51,-86.32956217309332,261.2851283586503,261.39085829030637,0.17527471415636006,0.17772767665929332,0.17289595194941879
Vertical_Copolar,Amplitude,False,1.3,-3.9459550239337275,7.989219856657423,7.998353995224961,-1457.2805574221195,-1458.9164190402678,-1455.6142223692475,0.016749077825510054,0.00017885417685607752,0.0001735063393941451,0.9568546392899805,0.00033891339396449556,0.9153012139899037,0.776789218251814,4.4990755529619085e-17,23.06,-90.99750429096468,275.236570316329,275.4472123050117,0.38624978542638105,0.38212523671074644,0.3822485629674924
Vertical_Copolar,Amplitude,True,0.9,-3.240146358462038,6.5408723920326395,6.560754555487582,-1194.2469983557678,-1197.869395078456,-1190.6959685275167,0.03367089665756409,0.0006497351114288993,0.0006527944107809353,0.9167396059537462,0.002618750599810927,0.7022641810381032,0.4101392522054656,5.358932666081299e-21,33.31,-107.9301601203426,325.80840588387645,326.4706861786003,1.121586763559458,1.0999439095478831,1.0998420034509382
Vertical_Copolar,Amplitude,True,0.925,-6.572110345088912,13.19389680522658,13.239616857387547,-2397.9321039572096,-2406.048658127563,-2389.790718561748,0.14471240576754912,0.29056893792936567,0.28825351261004495,0.7245985822615795,0.020140164222220217,0.21763173008894898,0.2254332458804813,3.0426198784807105e-18,32.41,-213.00206644339818,640.6162019933683,642.0979886763115,4.690128413853722,4.727209545096977,4.652166621011076
Vertical_Copolar,Amplitude,True,0.95,-3.667595909974172,7.406283314782828,7.413388757365844,-1348.4629949563696,-1349.772210939668,-1347.203940938395,0.07373151419520366,0.0002409461498290577,0.00022560486167196026,0.955487793620119,0.0016676613247259462,0.8937295069642488,0.6492601138898826,9.27805736942855e-24,31.56,-115.73869397914777,349.4595234089511,349.6837505770711,2.3267528286991577,2.3191492667514852,2.3196333933289064
Vertical_Copolar,Amplitude,True,0.975,-3.6348605238132063,7.3431033100347225,7.349157592368623,-1335.933389738272,-1337.0093845633537,-1334.8249239797847,0.030709741315379718,0.0615702914712927,0.06126464625883387,0.9834576261954837,0.0003634048224050972,0.9633263980819045,0.963765833846802,2.3522900368157102e-22,30.75,-111.76448932524396,337.54982170096145,337.7359784376082,0.9442614188186501,0.9488984806639421,0.939500518661997
Vertical_Copolar,Amplitude,True,1.0,-3.378603804070235,6.828574513187595,6.842761671510123,-1246.2732987450686,-1248.812256234353,-1243.7845147056773,0.0020901710691067174,0.00032806537209620606,0.0003202745184833133,0.9350175278191027,0.0010559313465726308,0.5705090623373203,0.43651137785735566,4.3038252124477274e-20,29.98,-101.28799390303662,306.00350769750287,306.4288280040575,0.06266175224479907,0.05282659981625845,0.05306016373171118
Vertical_Copolar,Amplitude,True,1.025,-3.5375654493462,7.149549258770832,7.1610656512980775,-1301.7375724519507,-1303.7565452261301,-1299.6654651037409,0.000872110282812662,0.0020228722983402932,0.0014626171832893505,0.9785525583271348,0.0004850158892054617,0.7338691103088615,0.32490127949287523,8.121735757520314e-21,29.25,-103.4668723312558,312.5772085145715,312.9140404777945,0.025507520520144693,0.0336575388495671,0.017271172210718815
Vertical_Copolar,Amplitude,True,1.05,-4.088121326463802,8.255043078584402,8.261790583331779,-1501.0247603313755,-1502.2176929379293,-1499.8286523597264,0.01921527922650963,0.038593845112864913,0.038262699086384286,0.9942312438111904,0.00012637965246213342,0.9350076850925984,0.7560914167788522,2.029074067617512e-20,28.55,-116.72266105360033,352.41786633214366,352.6105188115325,0.5486281705211105,0.5532902761509904,0.5438355065095084
Vertical_Copolar,Amplitude,True,1.075,-4.754285191171434,9.585066808679972,9.600526070423182,-1742.775986931744,-1745.53980052528,-1740.0004332866395,0.025079577360521972,0.05050780675850078,0.0498201489481396,0.940018600952403,0.001327708969015765,0.4796539263086975,0.39530698914758006,5.642610690178967e-20,27.89,-132.58593892970083,399.8911239221087,400.32224671995635,0.6994109900011194,0.7091340831449233,0.6899569087048234
Vertical_Copolar,Amplitude,True,1.1,-3.537076665835217,7.1556964954140705,7.164880583545385,-1304.0833246960383,-1305.706406504213,-1302.4214714629568,0.002172103310390486,0.00454796520364786,0.004137540302076726,0.9896428230713086,0.00015399688659216204,0.9811224740362707,0.9376005487441385,2.1511040485671147e-19,27.25,-96.39899161683495,291.41934080430497,291.6696426547936,0.05919819913199099,0.06475140698619652,0.05356574425288576
Vertical_Copolar,Amplitude,True,1.125,-3.725038497811972,7.535147104741682,7.5413487432916915,-1372.3826058669997,-1373.452023787744,-1371.2962739035754,0.022011063280300266,0.0001309733754659495,0.00013072251252935208,0.9956759683378544,6.348397779804516e-05,0.9671837651922147,0.8385708439169026,3.3608116963422626e-19,26.65,-99.2656397692159,300.06388616229077,300.22914878136055,0.5865556234662009,0.5830654163405571,0.5830721013909023
Vertical_Copolar,Amplitude,True,1.15,-3.6193436802396333,7.324727624012527,7.33314794485314,-1335.016386782308,-1336.5536142457652,-1333.5659121863287,0.025159628621257143,0.05052283643525039,0.0501017304009652,0.9859184522665535,0.00017504253559538457,0.9887547888314006,0.9806242533581482,1.7282104195597328e-18,26.07,-94.35234245615702,285.30000320252356,285.51951178356325,0.65588407884642,0.6611911663758125,0.6502133913239003
Vertical_Copolar,Amplitude,True,1.175,-4.453532885484917,8.984723560285964,9.013618816125579,-1636.0416911387854,-1641.3367781656368,-1631.0797971631655,0.08053759430619446,0.16159568590958845,0.16053563933489814,0.7441402636940547,0.003215328295974284,0.3505297256232638,0.2360639801899748,3.2278458717033207e-16,25.51,-113.6285591934771,342.8670579669784,343.6042987986973,2.0548564560392206,2.068136555112395,2.04109025994466
Vertical_Copolar,Amplitude,True,1.2,-3.7263607720239835,7.545289997593521,7.548365213230603,-1375.237203436847,-1375.7742961964807,-1374.70101375182,0.00925668303488717,0.018574571989966218,0.018449784155366657,0.9946697119958521,5.951991985324056e-05,0.9999995194280404,0.9999708747063956,2.3856243948114005e-18,24.98,-93.0945712699873,281.5963241617686,281.6731513663287,0.23125697999631034,0.23278606943451663,0.229668531795925
Vertical_Copolar,Amplitude,True,1.225,-3.6026459049018063,7.295977953871423,7.306442488376154,-1331.6022701416437,-1333.5051758743207,-1329.728296682617,0.01379960980253852,0.027825885262700967,0.02736983809053377,0.9827608066435709,0.00016023158030154541,0.9998986124644421,0.999960530775474,9.562481071493861e-18,24.47,-88.1670262150324,266.72042738278134,266.9765244049037,0.3377158320117484,0.34326298749283113,0.3321022117615696
Vertical_Copolar,Amplitude,True,1.25,-3.802183524989143,7.6935732870600155,7.711017808760459,-1404.3828896096911,-1407.538894131454,-1401.2629304551651,0.0826432697059903,0.16563515576218718,0.16492881264306905,0.9267844008441906,0.0006775636156230773,0.43463394787047405,0.2937246924053884,7.620911947928542e-17,23.98,-91.18927557788797,275.7072953003569,276.12567418349374,1.9820663169852615,1.990427321187455,1.9734868139977102
Vertical_Copolar,Amplitude,True,1.275,-3.667541592156597,7.4330894710624875,7.437019363415948,-1356.3048555188702,-1357.026364108224,-1355.5956126432616,0.014425207700046043,0.028922207768108874,0.02877719992193265,0.9914303488290159,6.475553693472719e-05,0.9999972429767071,0.9999275913376904,3.9105168316450554e-17,23.51,-86.23539676312625,261.01062523871394,261.1030293240723,0.33918184106331994,0.34086990462986066,0.33746031571735435
Vertical_Copolar,Amplitude,True,1.3,-3.938960135499877,7.976021049300762,7.983654496661391,-1454.758916919595,-1456.1551614987127,-1453.3547039230637,0.009072132471122832,0.00012161876225642507,0.00012515267010499397,0.9621246753034963,0.0002975164566747583,0.9089551784788273,0.776789218251814,4.702580537803686e-17,23.06,-90.8361954604247,274.7708843396258,274.9469189509532,0.2092120686784252,0.20640742347259664,0.20632592817103756
Vertical_Copolar,Uniform,False,0.9,-3.252336968291393,6.568387102658715,6.5822367842436895,-1198.5737280891778,-1201.0141402514716,-1196.0639137878518,0.0055761548066932285,0.00038328431371064797,0.0003911399530649286,0.9354649444076137,0.0020297912047774753,0.7032900366769972,0.4101392522054656,6.416899853737483e-22,33.31,-108.3362326631494,327.13100095221097,327.5923376283084,0.18574323952078642,0.17297593435187994,0.17271426085952646
Vertical_Copolar,Uniform,False,0.925,-5.150773291927458,10.354396454908894,10.39458907541038,-1888.6186380303534,-1896.0023456113163,-1881.6538659745083,0.05650946518826549,0.11399320051632934,0.1120225660813496,0.8791217705788207,0.00883985061306433,0.33454001079102935,0.08600911740776712,7.548714273806895e-18,32.41,-166.93653900407398,502.5224810931144,503.82512374107125,1.831471510168167,1.8630476009753187,1.7991793478853708
Vertical_Copolar,Uniform,False,0.95,-3.251880840654032,6.572899884710868,6.583481153898391,-1199.5196350637204,-1201.4264114211423,-1197.628682220956,0.06012798464361869,0.0003214036405057852,0.00032341615963287634,0.9789131853888956,0.0007900229633303297,0.6281573232655835,0.34159789668497503,2.2757442146115774e-23,31.56,-102.61993161502933,310.04159610191226,310.3755102807004,1.8974648748312317,1.887322307736771,1.8872587984677307
Vertical_Copolar,Uniform,False,0.975,-3.3888076766690487,6.8511625568496575,6.856955175459243,-1247.7229229714567,-1248.7743585187684,-1246.719244143231,0.0191639970656823,0.03849288851835524,0.03816975895158612,0.9934256370007783,0.00014442638320181722,0.7823391500781746,0.6839059608692394,3.7394604306750138e-22,30.75,-104.19887005927008,314.8580355029135,315.03614661791084,0.5892535164539162,0.5943236798986679,0.5843881099423408
Vertical_Copolar,Uniform,False,1.0,-2.987552142806758,6.0476116729953695,6.059941877878247,-1106.0465779405451,-1108.244719434359,-1103.8353398157167,0.0027831240143882884,0.0003152752853978467,0.00033079961171445784,0.955258965797991,0.0007270185160155782,0.6636153102768378,0.2544894449956637,2.5195555110112107e-20,29.98,-89.5645600295205,270.8673968771979,271.23704712014603,0.08343595891922924,0.07398424364362204,0.07351883604909695
Vertical_Copolar,Uniform,False,1.025,-3.7318519313560325,7.5402409388492275,7.547801933528918,-1371.444166415793,-1372.7941425539946,-1370.068284974588,0.01633283419152686,0.0328551703289696,0.03247194021924999,0.9880917081988088,0.00026929602257318055,0.6091098774989472,0.17829788623329493,3.117122994389282e-21,29.25,-109.14937203836803,329.6866759378644,329.90782024810335,0.4777034642326128,0.4832460256142619,0.4720372942413399
Vertical_Copolar,Uniform,False,1.05,-4.023822115272349,8.126662072301677,8.133207591729349,-1477.976588049817,-1479.19452126373,-1476.8399019764288,0.01951517863472712,0.03920611814488345,0.03886207414186349,0.9945408278564374,0.00011959740638246118,0.9572092499854645,0.7560914167788522,2.410749329704296e-20,28.55,-114.88681166592922,346.916525760281,347.10341122295796,0.5571907972584692,0.562209062483722,0.5523860341670065
Vertical_Copolar,Uniform,False,1.075,-4.019968019746588,8.1179581990015,8.130609820017508,-1479.3165050548005,-1481.5659482155438,-1477.0298572319532,0.0173866683625529,0.03501805751264938,0.0345190867018241,0.9815514810898953,0.0004083643331254414,0.3079616745330307,0.05224838094271614,4.774529355106613e-20,27.89,-112.10754360197414,338.49848708289625,338.85131132122865,0.48487367858982033,0.4916983712801818,0.4777832377129667
Vertical_Copolar,Uniform,False,1.1,-3.6271722067846826,7.337835385800108,7.343280381711727,-1336.4505705963188,-1337.4141093973585,-1335.476509073209,0.00779478908649738,0.0001318576046990972,0.00013000764879815378,0.9935334426341167,9.614875831241319e-05,0.9631567927988153,0.8488414347439219,1.4983502933947593e-19,27.25,-98.85444286011494,298.8387798336052,298.98717698889106,0.21243808907569312,0.2088444604012627,0.2088948788400568
Vertical_Copolar,Uniform,False,1.125,-3.7608170855972007,7.607064706071517,7.612505803350221,-1385.2637404347768,-1386.2520073580133,-1384.3063532000024,0.022860569871895997,0.00012051380782717586,0.00011507029139129141,0.9958503125794008,6.0924314311664926e-05,0.9688430449015348,0.8385708439169026,3.0429174437989383e-19,26.65,-100.21907539374055,302.9337977402497,303.0787932893519,0.6091934607267953,0.6059819824448887,0.60612704246022
Vertical_Copolar,Uniform,False,1.15,-3.619528915327741,7.32507473637096,7.333289711641141,-1335.0853943364255,-1336.5330961086963,-1333.621772424858,0.01927021295030475,0.038723561320477176,0.03835860972908675,0.9871159361302534,0.0001601570545527915,0.9920542109418329,0.9806242533581482,1.9792616167805497e-18,26.07,-94.35717133288499,285.31388091987213,285.5280363658423,0.5023534353526342,0.5071275760195031,0.4976136860513337
Vertical_Copolar,Uniform,False,1.175,-3.5882993248322315,7.255042522905381,7.282578169579879,-1325.4157036172799,-1330.4767770753072,-1320.4650824248781,0.03179116526115053,0.06426113429926303,0.06291845054110612,0.8855309705652689,0.0014385049975745314,0.18353189355725108,0.05129007858492739,1.372496285594396e-16,25.51,-91.55277230903789,276.65975365681027,277.362305078016,0.8111277937297472,0.8284469641803951,0.7941893927612855
Vertical_Copolar,Uniform,False,1.2,-3.630138593599425,7.350750446516752,7.357960236330803,-1340.7055841320284,-1342.0117240307798,-1339.396735713307,0.008310054436629952,0.016774020695597816,0.016467279108559774,0.9955123870064926,5.011030651590835e-05,0.999999808712003,0.9999999985815169,2.3034523845400786e-18,24.98,-90.69068098798621,274.33230969680744,274.5124297476423,0.2076076371392582,0.2114527707670867,0.20378953623800708
Vertical_Copolar,Uniform,False,1.225,-3.4443068634795315,6.979172870295926,6.99025927679946,-1274.7607532880336,-1276.7856198211055,-1272.7706373230715,0.018947487950230293,0.03811480842881192,0.0376709487007595,0.9864322712867931,0.0001261067480288474,0.9967743910102566,0.9750686445483481,9.29668415904842e-18,24.47,-84.29201801704484,255.09229471850858,255.36361072308665,0.46369910085917726,0.46907903016716096,0.45821651597287155
Vertical_Copolar,Uniform,False,1.25,-3.297792226540848,6.685322844501647,6.701654926670472,-1223.2294150269163,-1226.3091172284676,-1220.3394353560016,0.0634507537363935,0.12725234938901125,0.126554198218507,0.9652770397283664,0.0003213388236667555,0.22052639726064105,0.026257980749882358,9.076927537554065e-17,23.98,-79.0922590054379,239.4290084515739,239.82070725618593,1.5217645939668873,1.5301789748016312,1.5134349383647474
Vertical_Copolar,Uniform,False,1.275,-3.4756249910327943,7.04754863403557,7.054914887822811,-1287.382587361755,-1288.742937137145,-1286.079765070545,0.012083330530840668,0.024302403813481588,0.024025285977178068,0.9953394548479713,3.521684811979388e-05,0.9631687986694382,0.776789218251814,4.51339251968488e-17,23.51,-81.72283601160387,247.4327911388247,247.60599485091325,0.28411696946409165,0.2873087069713765,0.2807927981634491
Vertical_Copolar,Uniform,False,1.3,-3.536208855236231,7.165671266423402,7.1832579322017,-1310.1470082481371,-1313.385189902788,-1307.1644471056254,0.00663597929971405,0.00031817128094651075,0.0003317709404313,0.9782695396208225,0.00017069608315518672,0.40695085922544383,0.0916560140894893,8.70359752160619e-17,23.06,-81.54836497789506,246.79561129951387,247.20117666579853,0.1530320419614149,0.14569470731680237,0.1453810861364248
Vertical_Copolar,Uniform,True,0.9,-3.2571593910302483,6.580245618221037,6.58937829135288,-1200.301018283023,-1201.9149738192443,-1198.6116389250271,0.0005229075613393956,0.00023177041562193423,0.000238450800214038,0.9349425031644392,0.002046223307154622,0.7193406727323295,0.4101392522054656,4.880541842234431e-22,33.31,-108.49686888163791,327.6866475627728,327.990859399029,0.01741819368008035,0.009697857836637989,0.009475332401387754
Vertical_Copolar,Uniform,True,0.925,-5.126421221699779,10.30700775825545,10.34410572477503,-1879.9233926895706,-1886.6152000676443,-1873.545659356216,0.06287128851397142,0.1265904129403005,0.12490626088756997,0.8785871132600591,0.008878950216439283,0.3276803652458038,0.08600911740776712,5.64409735694798e-18,32.41,-166.14728851856646,500.19736316423905,501.3997080906938,2.0376581752681795,2.0651365333380576,2.010553172956022
Vertical_Copolar,Uniform,True,0.95,-3.2549136594367387,6.580193630816005,6.5883923508564965,-1200.5660072960832,-1201.9662365229603,-1199.101209891933,0.05605816947738926,0.00020762142024999264,0.00021791666299098705,0.9786401292341639,0.0008002530827910068,0.6438249088067598,0.34159789668497503,3.271338339150126e-23,31.56,-102.71563858319104,310.3674725514305,310.6262003865245,1.7690333072218,1.76248137712599,1.7621564891126185
Vertical_Copolar,Uniform,True,0.975,-3.3883317188359703,6.849991164560041,6.856329833938256,-1247.5753471425753,-1248.7278503947364,-1246.432884755883,0.023525761254534906,0.04722950751050067,0.0468761181197523,0.992912839937317,0.0001556915696846756,0.7790105037162255,0.6839059608692394,3.419152203770401e-22,30.75,-104.18423533427696,314.80738287291666,315.002283926593,0.7233687992634034,0.7288414721932589,0.7179754748513535
Vertical_Copolar,Uniform,True,1.0,-2.9857038065730617,6.044656670768635,6.0550280646279955,-1105.401684720573,-1107.2769435470063,-1103.637650071401,0.0003533365321403662,0.0009228373460215371,0.00048749738378677963,0.9549502896770357,0.0007320343423009771,0.6667183425957696,0.2544894449956637,2.4866691213957704e-20,29.98,-89.50914830324948,270.7233964128321,271.0343229786305,0.01059276274715564,0.017073204882643675,0.0040220411482451614
Vertical_Copolar,Uniform,True,1.025,-3.7338762253461946,7.545077387656324,7.551205447141714,-1372.1824592598252,-1373.2920645784013,-1371.0834601426548,0.0207300507474406,0.041607499226550514,0.04130973613505369,0.9876965565023729,0.00027823204647482887,0.6097037207561133,0.17829788623329493,3.1510610079074965e-21,29.25,-109.20857867944368,329.8873392497567,330.066573007405,0.6063134505404834,0.6106245459825096,0.6019155577774841
Vertical_Copolar,Uniform,True,1.05,-4.017347212552103,8.114418389400317,8.119686800295117,-1475.6681677010665,-1476.6385363025754,-1474.717350167255,0.024119721826901235,0.048358412409356316,0.04811940070418516,0.9941007330913926,0.00012923883022433822,0.9744220076138855,0.8675716058982984,2.111000437488062e-20,28.55,-114.70194242766128,346.38207901801576,346.53250090867346,0.6886581612155211,0.6920549169919676,0.685230735412536
Vertical_Copolar,Uniform,True,1.075,-4.0216416680701395,8.121464368936918,8.133749135932607,-1479.9154609392435,-1482.201492295476,-1477.7291787612376,0.021892484894055812,0.04404952917881716,0.04352460964922241,0.9810975887827391,0.00041841139599405394,0.30108540597042055,0.05224838094271614,3.959419732300998e-20,27.89,-112.15421775497369,338.6429401478125,338.9855336821004,0.6105304054062196,0.6179083505249726,0.6032695676385157
Vertical_Copolar,Uniform,True,1.1,-3.6293153651504415,7.342195180060492,7.3475598058695555,-1337.2112293729433,-1338.1872450256858,-1336.2708885117527,0.004034447457714983,0.00011572781771124457,0.00011397278391746691,0.9931146175357985,0.00010237610787028152,0.9517810323298952,0.7305621681256868,1.800521709279155e-19,27.25,-98.9128521977835,299.0160103928824,299.1622171526596,0.10995426545638418,0.10680023573541782,0.10684806718040961
Vertical_Copolar,Uniform,True,1.125,-3.763241719934694,7.612912353569264,7.616375317519861,-1386.1136968229448,-1386.7501576521045,-1385.496165032472,0.019104301871953177,6.639512864374877e-05,6.847162979445667e-05,0.9954631845122602,6.660799832223922e-05,0.9589174859371243,0.8385708439169026,3.6372266370581605e-19,26.65,-100.28368757932174,303.15423931399687,303.24652113397144,0.5090956103614973,0.5073262984668008,0.5072709634104443
Vertical_Copolar,Uniform,True,1.15,-3.6118369034672657,7.311175453421903,7.3165006298324595,-1332.3474342801203,-1333.2868473478309,-1331.408752731397,0.02222674293222659,0.04457588916306385,0.044333404735583025,0.9868091026240523,0.00016397118890419438,0.9877346231335041,0.9806242533581482,1.9110046936005926e-18,26.07,-94.15664897265742,284.7510194118415,284.88984095318096,0.5794269475640292,0.5826178680647076,0.5762965634959079
Vertical_Copolar,Uniform,True,1.175,-3.568091957829633,7.215566550924123,7.241953567527309,-1318.192045254556,-1323.0235437885876,-1313.5726953720525,0.036470897910865024,0.0735517713314828,0.07235582564157268,0.8845344875016701,0.0014510275626217239,0.18353189355725108,0.05129007858492739,1.7894655657444193e-16,25.51,-91.03719646023643,275.136977921013,275.8102229054178,0.9305276706523652,0.9460907393662868,0.915577079960954
Vertical_Copolar,Uniform,True,1.2,-3.62544075975158,7.342690956469989,7.347279117925983,-1339.0199109806865,-1339.8310512587943,-1338.2127565520632,0.012015431627615028,0.024125810763103474,0.023937094739815187,0.9950759469596611,5.4983753614440626e-05,0.9999977233903451,0.9999999985815169,2.6207133356064058e-18,24.98,-90.57331639160947,274.0135972394852,274.12822192286797,0.30017798179780414,0.3025500273616664,0.2978353906545346
Vertical_Copolar,Uniform,True,1.225,-3.443626119107344,6.978509083008414,6.988009185427841,-1274.5334207324834,-1276.2477074984622,-1272.8811118017566,0.022541729722995275,0.04527347153767189,0.044893831372259024,0.9859032527415744,0.00013102376913051158,0.9941037546813494,0.9750686445483481,7.696630625412823e-18,24.47,-84.27535825960747,255.05939019188656,255.29188480866793,0.5516604539778296,0.5563105921014926,0.5470197138692763
Vertical_Copolar,Uniform,True,1.25,-3.271733204469637,6.63418783656854,6.648812600521119,-1213.918105405596,-1216.5804267750189,-1211.3658322067977,0.06652195478435934,0.13331150844871043,0.13275292761197038,0.9648274046853446,0.00032549990885862023,0.21888432596396845,0.026257980749882358,9.062904062088152e-17,23.98,-78.46727514305353,237.5776334117403,237.9283849263814,1.5954224268614354,1.6018403569406978,1.5884436911776583
Vertical_Copolar,Uniform,True,1.275,-3.468452852960844,7.034069125327129,7.039782793644615,-1284.8152582785472,-1285.8530942097027,-1283.7894687703183,0.015312918025954915,0.03073823453763357,0.03051573587076643,0.9948772213873182,3.8709659593280525e-05,0.9373175934349334,0.776789218251814,5.297823928661241e-17,23.51,-81.55419656833286,246.94720620156656,247.0815524501231,0.3600546928747868,0.36269753352659834,0.3574658925664554
Vertical_Copolar,Uniform,True,1.3,-3.513940518902674,7.1233416611251865,7.136410083279876,-1302.1321623078904,-1304.548068222612,-1299.811078252198,0.0030470026233508207,0.000249590268314618,0.00024876898702388094,0.97786431541445,0.00017387918114853432,0.4130535222592798,0.0916560140894893,1.07513902207527e-16,23.06,-81.03483580212523,245.30592086078082,245.60729119923744,0.07026680046052236,0.06451100968891321,0.0645299492225178
