DATASET,WEIGHT,SMOOTH,FREQ,METHOD,DZ,DZ_err_low,DZ_err_high,PHI_0,PHI_0_err_low,PHI_0_err_high,DXY,DXY_err_low,DXY_err_high,R2,Chi2,cramer,KS,KS_res,Wavelength_cm,DZ_phys,DZ_err_low_phys,DZ_err_high_phys,DXY_phys,DXY_err_low_phys,DXY_err_high_phys
Horizontal_Copolar,Amplitude,False,0.9,ODR,-3.7395170570852687,-3.734421636928371,-3.744716434665985,-1371.7951182470615,57.374128765927864,57.2181299651875,0.03136912748154824,0.03166918964682172,-0.1174684872212861,0.9875423967093457,0.0004590732505626779,0.4909328269497629,0.10800780922968767,5.076113246482174e-25,33.31,-124.56433447516876,-124.39460463812665,-124.73752716239021,1.0449142036676329,1.054909356343204,-3.912907391290105
Horizontal_Copolar,Amplitude,False,0.925,ODR,-3.765014079744613,-3.760275066265203,-3.769858864306574,-1382.3166333429006,57.36938906086632,57.221991724671845,0.015226228347149465,0.014966158845235032,-0.05740073190445744,0.9920534488706683,0.00026507588887840207,0.6367996399978388,0.13441979335135837,5.412753434444198e-24,32.41,-122.02408922932383,-121.87049782397385,-122.18110867497906,0.4934819915958071,0.4850531402196164,-1.8603574603931154
Horizontal_Copolar,Amplitude,False,0.95,ODR,-3.37127175386667,-3.3666378365397716,-3.375842480425425,-1240.1497213156392,57.37474060955699,57.218531927311474,0.002185742930230551,0.0019181674164758383,-0.00737872383516184,0.9931617224606892,0.00018649412801913966,0.9999907605633102,0.9952486432790446,2.363596479220292e-23,31.56,-106.38756270291158,-106.24132970653267,-106.5318015818479,0.06897571006420415,0.06053180259376856,-0.2328511321522479
Horizontal_Copolar,Amplitude,False,0.975,ODR,-3.6750744939821134,-3.671161279236471,-3.678915744220628,-1349.9887837323924,57.3554037133425,57.235129982812374,0.000280560702606739,0.0005175919027049361,-0.0010321591860295335,0.9940166236243462,0.00015856550164413248,0.9812141254433405,0.9052627264915449,2.3502242261278433e-22,30.75,-113.00098624451323,-112.88066293504882,-113.11909679331296,0.008626664887454491,0.015914887051570216,-0.0317367732745716
Horizontal_Copolar,Amplitude,False,1.0,ODR,-4.205358091627608,-4.197788107483798,-4.212923265960305,-1542.9001007009651,57.39587817715467,57.194512891004734,0.05789352811581413,0.058296601696895704,-0.24390099154764042,0.9831319612090282,0.00044678956923530837,0.6221840553252621,0.18761407787239476,2.703666787091869e-21,29.98,-126.07346390592299,-125.84652149057361,-126.30026212676277,1.7356043096132028,1.7476881515759335,-7.311967776470435
Horizontal_Copolar,Amplitude,False,1.025,ODR,-3.8534605962585027,-3.8476182528129317,-3.8591363384840114,-1415.9629269508414,57.380985222639396,57.21262976900713,0.004801634837363254,0.004524362613105997,-0.0185301634849993,0.9863784516674553,0.0002764521501434653,0.7305433777500268,0.535898476863694,6.602801229433626e-21,29.25,-112.70618770326655,-112.53531058111749,-112.87219206548701,0.14043843027429856,0.1323287598698878,-0.5419710495911987
Horizontal_Copolar,Amplitude,False,1.05,ODR,-4.223450757256449,-4.218725371958944,-4.228349630708244,-1550.1370966349227,57.36087421291212,57.22915083636323,0.003058727957754559,0.003321728286201069,-0.012933371230608472,0.9909280523605061,0.00020283716579506044,0.6360718971231223,0.31234052478072455,1.6294716583759982e-20,28.55,-120.58654131046401,-120.45162370347961,-120.72641229270636,0.08733176883891042,0.0948408654979377,-0.36926925251910464
Horizontal_Copolar,Amplitude,False,1.075,ODR,-3.9566286032329976,-3.951476161641768,-3.96143741021658,-1455.7132680704904,57.369066377664005,57.224081328578265,0.02086909810453741,0.021074519141213117,-0.08267162594879442,0.9942873435018863,9.601130224304662e-05,0.8596334697573058,0.38121493267456624,6.02809391037341e-20,27.89,-110.34115482384438,-110.19746523041776,-110.47526124855654,0.5819905318141777,0.5877192460011469,-2.3055190651205266
Horizontal_Copolar,Amplitude,False,1.1,ODR,-3.612269168503329,-3.6087940639775575,-3.615778086789528,-1331.179160781864,57.351880332874636,57.239819714203584,0.015168269856610945,0.01499266195463887,-0.05484509776204399,0.9954266511375379,7.232273929342944e-05,0.9654191975747565,0.9429696194116872,4.197947296660836e-20,27.25,-98.44827754392993,-98.35356753233103,-98.54390911101545,0.41339390035642753,0.40860790721311563,-1.4947406061212245
Horizontal_Copolar,Amplitude,False,1.125,ODR,-3.968018004995927,-3.964136447938373,-3.972054095723327,-1460.2741090692234,57.35583152100699,57.2414431435575,0.0417804182715098,0.04155247568283867,-0.16595408151638422,0.9933798954042325,0.000109325633630078,0.7198358467204231,0.49243785106712834,5.2544783118508735e-20,26.65,-105.74061076497647,-105.63717418442968,-105.84816539252121,1.1133737146563587,1.1072994507505276,-4.422380623371484
Horizontal_Copolar,Amplitude,False,1.15,ODR,-4.0490442357049865,-4.045709150879942,-4.052504286951683,-1490.1081891181047,57.34426546517667,57.24778718478726,0.0002690491294109308,0.0004397359159241551,-0.0010903227503384152,0.9943404534978655,7.541779060749702e-05,0.9051882462410844,0.702688650071809,8.621206406627223e-19,26.07,-105.55416730197646,-105.46722527786005,-105.64436706441586,0.007013817376422873,0.011463435748329026,-0.0284235249858499
Horizontal_Copolar,Amplitude,False,1.175,ODR,-3.868375214270548,-3.8659025166400585,-3.8709181019813967,-1425.8824537980156,57.33250645275446,57.25958115369356,0.0004528008203569104,0.0003543770293403779,-0.001752754892111591,0.9966108395848344,3.9824291707646526e-05,0.9989242904514122,0.9780177907450375,2.71957688002715e-18,25.51,-98.69869905978248,-98.6356100299497,-98.76357893699554,0.011552874120784222,0.009041664739122554,-0.04472022956405606
Horizontal_Copolar,Amplitude,False,1.2,ODR,-3.8681495571131292,-3.864733036088956,-3.8717040179108047,-1426.491168067827,57.347479597578136,57.243601470017836,0.0018366977544332264,0.0019978302260878103,-0.007111150075526875,0.9960979335788362,4.126629486251072e-05,0.9985504587573024,0.9750686445483481,5.962482609542498e-18,24.98,-96.63683863654637,-96.55148470024257,-96.72563868149635,0.045885677867051444,0.04991120284546336,-0.17765576336242395
Horizontal_Copolar,Amplitude,False,1.225,ODR,-4.327510938037904,-4.322576900664873,-4.332559231366737,-1592.906925207427,57.36152903347785,57.23012470377169,0.008318317992756069,0.008467630283368999,-0.036039605408959334,0.9923369320599587,9.065024187454635e-05,0.8772005502734104,0.41397027807156755,9.836049113839189e-18,24.47,-105.906542133573,-105.78579215872197,-106.03008827771632,0.20357297938563004,0.2072270772315452,-0.881991991094042
Horizontal_Copolar,Amplitude,False,1.25,ODR,-4.4010595826293955,-4.398195901039078,-4.403958493434834,-1619.6431337707309,57.33484690235036,57.25836642979738,0.026511593406972882,0.026391593730765148,-0.11675595695912916,0.9970222808518594,3.649565468241517e-05,0.99447087082132,0.9025824944167903,1.4483947971249094e-17,23.98,-105.55235760647363,-105.4836767950424,-105.62188333414444,0.6358380602378395,0.6329600604066778,-2.8002044258335625
Horizontal_Copolar,Amplitude,False,1.275,ODR,-4.287644125234584,-4.284995428990463,-4.29046035008596,-1579.4813020097504,57.33061580014148,57.25898461128225,0.015643385497770446,0.015500145729877854,-0.06711732521929381,0.9963621934676254,3.747483460634964e-05,0.9946523799049974,0.9679631089866633,4.5945114705987563e-17,23.51,-100.81595069281065,-100.7536715432012,-100.88216896500472,0.36782501880926705,0.3644570029582969,-1.5781386589707826
Horizontal_Copolar,Amplitude,False,1.3,ODR,-4.5357855066992485,-4.530931401293069,-4.540608929680374,-1669.662629581393,57.35582057573076,57.23602040114514,0.018364260811242764,0.018165857229268008,-0.08338492662650825,0.990735882052724,9.574321428637515e-05,0.6648357819280066,0.2788029160571654,5.067935575044205e-17,23.06,-104.5995604626264,-104.48762014023335,-104.7107932188945,0.42349745291965707,0.41892207618764044,-1.9229363164238888
Horizontal_Copolar,Amplitude,True,0.9,ODR,-3.724902219609108,-3.71951736454545,-3.7302776324480704,-1366.566756558129,57.37669850143553,57.21579578110029,0.039102980999824344,0.03942506579020045,-0.14586497538568663,0.9875423797997624,0.00045907387369517036,0.4909328269497629,0.10800780922968767,5.076362951466933e-25,33.31,-124.07751024736335,-123.89813925452916,-124.25656671711417,1.3025309765627373,1.3132597088951004,-4.858802167442721
Horizontal_Copolar,Amplitude,True,0.925,ODR,-3.782562962990928,-3.7773861762107397,-3.7875291515283824,-1388.614473002662,57.37169427453033,57.22078482458376,0.007297525394563422,0.007043687500330388,-0.02763959016592762,0.9920533953398232,0.0002650776745255495,0.6367996399978388,0.13441979335135837,5.412988391887701e-24,32.41,-122.59284845565548,-122.425068819615,-122.75380260360521,0.2365127649030906,0.22828587990355922,-0.8957989917790345
Horizontal_Copolar,Amplitude,True,0.95,ODR,-3.350938565746158,-3.3459916428868777,-3.3555128167996355,-1232.8472681160763,57.3766407240951,57.2165123583824,0.004340924158110151,0.004619091460386134,-0.01456602664929378,0.9931617240102898,0.0001864940857582921,0.9999907605633102,0.9952486432790446,2.3635974986015048e-23,31.56,-105.7459062349511,-105.58979569142267,-105.89025633672279,0.13698698140541293,0.1457651350143125,-0.45966157184055645
Horizontal_Copolar,Amplitude,True,0.975,ODR,-3.690684283657621,-3.6868223434514418,-3.6945953212182676,-1355.602105327476,57.35656546206712,57.23656653151744,0.007896230877967972,0.008139725578318293,-0.02917337765699968,0.9940166237447975,0.0001585654984520529,0.9812141254433405,0.9052627264915449,2.3502350850257004e-22,30.75,-113.48095518971152,-113.3622084669362,-113.60121155521271,0.24279286808630934,0.25027982959687306,-0.8970213944568426
Horizontal_Copolar,Amplitude,True,1.0,ODR,-4.160441094026895,-4.151979930972298,-4.168488239929874,-1526.8166694580536,57.40705331898842,57.184411321546605,0.06594252028526648,0.06631293924756779,-0.2748806203204705,0.9831319705648461,0.00044678932142453,0.6221840553252621,0.18761407787239476,2.70366081153479e-21,29.98,-124.72688619425321,-124.47322690728556,-124.96813355926707,1.97690702430349,1.9880119054233019,-8.240713682243861
Horizontal_Copolar,Amplitude,True,1.025,ODR,-3.875051821355835,-3.870030571629973,-3.8800941087223464,-1423.7280367869466,57.37369953459104,57.22179866204545,0.003031244828709056,0.0032790750079586635,-0.011761515201969086,0.9863784688852694,0.00027645180070435464,0.7305433777500268,0.535898476863694,6.6031020709446045e-21,29.25,-113.33768881967247,-113.19082708332631,-113.48516586587235,0.08865798419497337,0.09590653235144364,-0.344001322166115
Horizontal_Copolar,Amplitude,True,1.05,ODR,-4.243920338661274,-4.239042031376495,-4.248607630137771,-1557.4975313689822,57.359588700660986,57.23068861193105,0.011614322370683484,0.011830481704716296,-0.04934469864296565,0.9909280525336841,0.00020283716192301944,0.6360718971231223,0.31234052478072455,1.629470012705154e-20,28.55,-121.17098189366246,-121.03169810968309,-121.30481185871973,0.3316082144296751,0.3377799228172313,-1.4088731900422797
Horizontal_Copolar,Amplitude,True,1.075,ODR,-3.9456866070697134,-3.9409020241009696,-3.95041739704366,-1451.8019347460745,57.364324751928,57.228399397576005,0.028413062588557338,0.028603658579113664,-0.11224345675312727,0.9942873384001658,9.601138798648699e-05,0.8596334697573058,0.38121493267456624,6.028088353013258e-20,27.89,-110.03600804010321,-109.90257716673534,-110.16793875215635,0.7923741276959485,0.7976894058814207,-3.1302085390173695
Horizontal_Copolar,Amplitude,True,1.1,ODR,-3.615471794223946,-3.6125023496040605,-3.6183856772179306,-1332.327693022609,57.34314037396759,57.24838663912907,0.007905752488561353,0.007764811532566962,-0.028606061572240413,0.9954266572445895,7.232264271678357e-05,0.9654191975747565,0.9429696194116872,4.1978987325039674e-20,27.25,-98.53556145636973,-98.45463262896152,-98.61497601501436,0.21546227008049318,0.21162108502318153,-0.779625592040118
Horizontal_Copolar,Amplitude,True,1.125,ODR,-3.9643107766550463,-3.9606147296639667,-3.9680925423236078,-1458.9213132820792,57.351075457333735,57.243819305861855,0.033704730777518815,0.03352280785991076,-0.13374349083929737,0.9933798835185118,0.0001093258299130729,0.7198358467204231,0.49243785106712834,5.254541159903213e-20,26.65,-105.64181973416048,-105.543326666397,-105.74259705197008,0.8981710298684993,0.8933231082119438,-3.5640257653523064
Horizontal_Copolar,Amplitude,True,1.15,ODR,-4.055784058781226,-4.052645409809984,-4.058801272168238,-1492.5336993107344,57.33779435715656,57.2521635836789,0.008281902998421686,0.008415398673870691,-0.03361459842596789,0.9943404486638958,7.541785502384342e-05,0.9051882462410844,0.702688650071809,8.6204506273299705e-19,26.07,-105.72986713906438,-105.64804598342195,-105.80852260146462,0.21590017885342674,0.2193802655208378,-0.8762959205916386
Horizontal_Copolar,Amplitude,True,1.175,ODR,-3.8676678627347063,-3.8657731456174846,-3.8696155182451637,-1425.632295352816,57.324194099401524,57.26667330013811,0.0068214638564204405,0.0068974340887134515,-0.026396442395953037,0.9966108398156492,3.982428899546029e-05,0.9989242904514122,0.9780177907450375,2.7195831496205142e-18,25.51,-98.68065151462504,-98.63230922511129,-98.73034448763077,0.1740445460999526,0.17598286973177837,-0.6734854764543123
Horizontal_Copolar,Amplitude,True,1.2,ODR,-3.876464729646448,-3.87339074486442,-3.879459302213372,-1429.4850387284246,57.33925468884909,57.25118738243641,0.009334039160841181,0.009457212812570002,-0.03621102504974922,0.9960979350774716,4.1266279013695904e-05,0.9985504587573024,0.9750686445483481,5.962609495347996e-18,24.98,-96.84457413758452,-96.76777768311294,-96.91938666012597,0.2331895452580696,0.23626675624245452,-0.9046493505303242
Horizontal_Copolar,Amplitude,True,1.225,ODR,-4.329194725752877,-4.32529817104366,-4.333426827143925,-1593.524272180769,57.34938080312725,57.24126566094817,0.016570878502759286,0.01670202972082758,-0.07180868945319965,0.9923369185541936,9.065040164095912e-05,0.8772005502734104,0.41397027807156755,9.836042660293525e-18,24.47,-105.94774922400742,-105.85238941061905,-106.05132082225457,0.4055366855152299,0.4087463300894656,-1.7573635524027267
Horizontal_Copolar,Amplitude,True,1.25,ODR,-4.394036986867074,-4.391701051560527,-4.396426669169659,-1617.1033623902129,57.32764331159631,57.26495326389727,0.0180595908426479,0.017971529050572404,-0.07939766681490938,0.9970222806692852,3.649565692008801e-05,0.99447087082132,0.9025824944167903,1.4484055260544848e-17,23.98,-105.38393190686351,-105.3279082438812,-105.44124460536999,0.4331303303353364,0.4310183094471606,-1.9042257355125372
Horizontal_Copolar,Amplitude,True,1.275,ODR,-4.267816775064332,-4.26493468921224,-4.27068679903422,-1572.3463097153513,57.33506090993838,57.25801560931119,0.007648155446244241,0.007531973176292736,-0.03266287650123695,0.9963621957771164,3.7474810815146395e-05,0.9946523799049974,0.9679631089866633,4.5944751256973705e-17,23.51,-100.34974755217011,-100.28198068144341,-100.41723081024476,0.17983210356044296,0.1771002942832052,-0.7680065907181384
Horizontal_Copolar,Amplitude,True,1.3,ODR,-4.535275896952667,-4.53060462544899,-4.539949973856796,-1669.4787631718139,57.35240035489919,57.23787315888761,0.009417831006066074,0.009248334648741956,-0.042756481629777396,0.9907358481225852,9.574356494906853e-05,0.6648357819280066,0.2788029160571654,5.067514048263508e-17,23.06,-104.58780837350729,-104.48008437611708,-104.69559706612036,0.21718420817978162,0.21327545975022444,-0.9860054402479085
Horizontal_Copolar,Uniform,False,0.9,ODR,-3.3628324301483983,-3.3591468994271714,-3.366483133465221,-1236.9475837153964,57.36028774123067,57.23303820701263,0.011955866474525526,0.012159963983889598,-0.040249222832452476,0.987542378328738,0.00045907392790366666,0.4909328269497629,0.10800780922968767,5.0763430430467335e-25,33.31,-112.01686667514461,-111.89410064026116,-112.13847259967562,0.39825317754642237,0.4050517213246372,-1.340712605058961
Horizontal_Copolar,Uniform,False,0.925,ODR,-3.456651553632512,-3.453607125039509,-3.459734678327112,-1271.8643403566964,57.34609097593921,57.24639045641452,0.0009220555297316435,0.001060124739199045,-0.0031900674915558425,0.9920533961241876,0.0002650776483612297,0.6367996399978388,0.13441979335135837,5.412997780432432e-24,32.41,-112.0300611581632,-111.93139124128732,-112.12998521551613,0.02988381553197205,0.034358637983901694,-0.10339007291669408
Horizontal_Copolar,Uniform,False,0.95,ODR,-3.3602604963900964,-3.3576434826182124,-3.362965121894156,-1236.1939039436622,57.340577100031865,57.249544475973316,0.013738967982793514,0.01359088356074673,-0.0462036701369551,0.9931617246768746,0.0001864940675791299,0.9999907605633102,0.9952486432790446,2.3635870565717216e-23,31.56,-106.04007934032497,-105.95749397282044,-106.1254294800967,0.4335619980994705,0.4288888830597952,-1.4580538777872596
Horizontal_Copolar,Uniform,False,0.975,ODR,-3.5916010512915713,-3.588543555038597,-3.594648201222504,-1320.104415214168,57.346061874933895,57.249238696060885,0.007417299673578789,0.007589439407325039,-0.026662582929558257,0.9940166239473237,0.00015856549308490347,0.9812141254433405,0.9052627264915449,2.3502118144952332e-22,30.75,-110.43434946893171,-110.34033774411068,-110.52804306561774,0.2280667180374136,0.23335966100143965,-0.8198196177519088
Horizontal_Copolar,Uniform,False,1.0,ODR,-3.8407359625651667,-3.835557557828566,-3.845988774771765,-1412.1544013646605,57.37323940088483,57.218857564779775,0.030880681117126243,0.03115565107904765,-0.11876675293377394,0.9831319626241125,0.0004467895317534827,0.6221840553252621,0.18761407787239476,2.7036718210887595e-21,29.98,-115.14236747464074,-114.9871228061903,-115.2998428229236,0.9257795296817463,0.9340229217578048,-3.5605376790694803
Horizontal_Copolar,Uniform,False,1.025,ODR,-3.5282316783519674,-3.5242248536287386,-3.5326107520540173,-1299.3571132061334,57.3644744866282,57.2297305621485,0.015161163899428677,0.015386954961841965,-0.05355849060477496,0.9863784596876075,0.00027645198737281197,0.7305433777500268,0.535898476863694,6.60297995340716e-21,29.25,-103.19387778015627,-103.07668599161462,-103.32195712346366,0.4434343991756672,0.4500383462581365,-1.566481126358575
Horizontal_Copolar,Uniform,False,1.05,ODR,-3.883429325396281,-3.8789230376859836,-3.8879892904285414,-1428.2007874904932,57.36265491678896,57.2318366002605,0.0168558834511871,0.017052383027187437,-0.06553549433892712,0.990928060681203,0.00020283697975490188,0.6360718971231223,0.31234052478072455,1.629468522931873e-20,28.55,-110.87836408855551,-110.74970208197215,-111.0085586719284,0.4812634982469432,0.48687388785504787,-1.8711473270582901
Horizontal_Copolar,Uniform,False,1.075,ODR,-3.683157733099815,-3.6801188534437523,-3.6862570897465012,-1357.5766279771333,57.34387719772545,57.24976565960712,0.01401726599024558,0.014137803824985624,-0.051671246135405274,0.9942873430771566,9.60113093813809e-05,0.8596334697573058,0.38121493267456624,6.028082157936515e-20,27.89,-102.714689303042,-102.62994202846923,-102.8011231400028,0.3909088954098164,0.3942704148292318,-1.4409906871494091
Horizontal_Copolar,Uniform,False,1.1,ODR,-3.5770813108934147,-3.573875233301441,-3.5802741394420314,-1318.589763738519,57.347576796140345,57.243926082084215,0.009219206297399536,0.009065696786050402,-0.03300728589276068,0.9954266500275086,7.232275684738529e-05,0.9654191975747565,0.9429696194116872,4.197967379738386e-20,27.25,-97.48927260532719,-97.40189461606931,-97.57628950701468,0.251258956064226,0.2470752293611591,-0.89957594269995
Horizontal_Copolar,Uniform,False,1.125,ODR,-3.5625277879117045,-3.5591680980650238,-3.5658870468460275,-1314.7726797403084,57.34931398412956,57.24523400613833,0.04001409415949374,0.039852147299027384,-0.142685740054616,0.9933798928474752,0.00010932567585284335,0.7198358467204231,0.49243785106712834,5.254525673085436e-20,26.65,-94.93501886500913,-94.84548911591988,-95.02453713105172,1.066304323797162,1.061988728475865,-3.8023207762242124
Horizontal_Copolar,Uniform,False,1.15,ODR,-3.786911258164653,-3.78337686074634,-3.790477826443724,-1396.037928425244,57.34897395973828,57.24234319764555,0.00330166645307233,0.0034631774348850984,-0.012514893480683766,0.9943404487327755,7.541785410596926e-05,0.9051882462410844,0.702688650071809,8.620717186381965e-19,26.07,-98.7206464620047,-98.62850857595383,-98.8136230073097,0.08607084360545178,0.09028125875602945,-0.3262496241897706
Horizontal_Copolar,Uniform,False,1.175,ODR,-3.735861917835745,-3.7325266290270878,-3.739232371973554,-1378.3234556262905,57.347506159994104,57.24585312462801,0.0013751426680286426,0.0015264467620551285,-0.005141977980374783,0.9966108580038437,3.982407527528263e-05,0.9989242904514122,0.9780177907450375,2.7193859171426572e-18,25.51,-95.31772145502741,-95.23262405672212,-95.40371607039337,0.03508573621693488,0.0389461469619275,-0.13119372065688784
Horizontal_Copolar,Uniform,False,1.2,ODR,-3.726279620698491,-3.7231267386915348,-3.72944776478684,-1375.5741920347461,57.34402455033016,57.2482729132297,0.004626582715452936,0.004749802886448003,-0.01725459856674738,0.9960979306938498,4.126632537267862e-05,0.9985504587573024,0.9750686445483481,5.962308131807138e-18,24.98,-93.0925438903757,-93.01377636982157,-93.17169269900438,0.11558455036716253,0.11866292352864513,-0.4310665430107062
Horizontal_Copolar,Uniform,False,1.225,ODR,-3.9319140951457423,-3.9265723847869243,-3.9373540636689857,-1450.8773259813286,57.37301011653826,57.219789815291065,0.0094172484630317,0.009624658135389617,-0.037079041504498374,0.992336930467914,9.06502607076338e-05,0.8772005502734104,0.41397027807156755,9.836178654470933e-18,24.47,-96.22515846763984,-96.0944315714444,-96.3582900215195,0.23046694402685677,0.23554285059740002,-0.9074299586055172
Horizontal_Copolar,Uniform,False,1.25,ODR,-4.202732167959662,-4.198675960684899,-4.206897527663073,-1548.4317553078647,57.35186801562492,57.24254950997322,0.02278751655584184,0.022637805185045837,-0.09586474706035238,0.9970222844045853,3.649561113933742e-05,0.99447087082132,0.9025824944167903,1.448401751372323e-17,23.98,-100.79579255586367,-100.69851092793898,-100.89569202977884,0.5465220479993215,0.5429314608120028,-2.299162252541705
Horizontal_Copolar,Uniform,False,1.275,ODR,-4.073259321316921,-4.069707810121416,-4.076937816676906,-1502.4974274160086,57.34751346119522,57.24556910427801,0.015717501219941116,0.015576369606364625,-0.06407927510724333,0.9963621894281689,3.7474876218778206e-05,0.9946523799049974,0.9679631089866633,4.594586441083715e-17,23.51,-95.77509207913815,-95.69158492063502,-95.8615850333116,0.3695677117132663,0.3662492651771406,-1.506704579706564
Horizontal_Copolar,Uniform,False,1.3,ODR,-4.079424189961711,-4.072857403007896,-4.08604296644337,-1505.7679370391488,57.39158595049672,57.205026332327414,0.009305089666674825,0.009068217533505108,-0.03802099618464155,0.9907358807960103,9.5743227274316e-05,0.6648357819280066,0.2788029160571654,5.0679247103016367e-17,23.06,-94.07543116409848,-93.92399476394105,-94.22806649258995,0.21458428485252665,0.20912178646524565,-0.8768006078309472
Horizontal_Copolar,Uniform,True,0.9,ODR,-3.36212118222825,-3.35833422177087,-3.3658608813035893,-1236.6968064296816,57.36081076806194,57.232991105031765,0.015908350082513154,0.016122613092098368,-0.05354529322881375,0.987542385344828,0.00045907366935480027,0.4909328269497629,0.10800780922968767,5.076247349908175e-25,33.31,-111.99317481267477,-111.86703012557845,-112.11774521022768,0.52991148599568,0.5370486453625722,-1.7836083412663144
Horizontal_Copolar,Uniform,True,0.925,ODR,-3.4611634072808473,-3.4583088351012807,-3.4639298698646055,-1273.461743513154,57.341872543304596,57.250468148128306,0.005325931672461904,0.005465242603312209,-0.018448653805098744,0.9920533765300938,0.000265078301968277,0.6367996399978388,0.13441979335135837,5.413110579530558e-24,32.41,-112.17629031441949,-112.08377364304104,-112.26595135419785,0.17261342132188162,0.17712848795819308,-0.5979207860563898
Horizontal_Copolar,Uniform,True,0.95,ODR,-3.3579662643755896,-3.3555244875518317,-3.3603754435151556,-1235.3644106719648,57.33668235705546,57.25509963177847,0.009572175952263309,0.009454931390151083,-0.03216610501099192,0.9931617228503647,0.0001864941173918731,0.9999907605633102,0.9952486432790446,2.363582895880411e-23,31.56,-105.96768002928799,-105.89062463182674,-106.04370673834197,0.3020701218039482,0.2983702233341842,-1.0150690195296195
Horizontal_Copolar,Uniform,True,0.975,ODR,-3.594449716442796,-3.5911465444631565,-3.5978135010098367,-1321.1402530917235,57.34943523117158,57.24410574168579,0.011856974320590425,0.012055228194181542,-0.042659182291747165,0.994016625651635,0.000158565447918938,0.9812141254433405,0.9052627264915449,2.350340337075883e-22,30.75,-110.52194006664502,-110.42037431823753,-110.62536952752045,0.36457758728335216,0.3706734863676498,-1.3116821656936364
Horizontal_Copolar,Uniform,True,1.0,ODR,-3.8264618341687227,-3.8210804632581103,-3.8320813250506416,-1407.0647529349515,57.37710967051466,57.21367908144309,0.03517557435818117,0.035444960109174035,-0.13479566159591627,0.9831319687050617,0.00044678937068528266,0.6221840553252621,0.18761407787239476,2.7036730521831367e-21,29.98,-114.71443987086298,-114.55311042959276,-114.88290796928288,1.0545371898400906,1.0626131714841234,-4.041072271757594
Horizontal_Copolar,Uniform,True,1.025,ODR,-3.5361899780844466,-3.532210736886343,-3.5401346548462236,-1302.2183303368333,57.361568958246956,57.232194124815386,0.018936777830312414,0.019141245887965626,-0.06703874344821266,0.9863784828186835,0.00027645151792282603,0.7305433777500268,0.535898476863694,6.603385783293894e-21,29.25,-103.42664248633194,-103.31025746196568,-103.5420165685201,0.5538637241316358,0.5598440150181081,-1.9607521638605923
Horizontal_Copolar,Uniform,True,1.05,ODR,-3.885840742545833,-3.881705112552546,-3.8901103582265364,-1429.0805505548306,57.35895088365402,57.235438412791574,0.021410558903786056,0.021603641243386998,-0.08328943696703753,0.9909280601348375,0.0002028369919709367,0.6360718971231223,0.31234052478072455,1.6294698423182546e-20,28.55,-110.94721405755813,-110.82913494507565,-111.06911868418989,0.6113070553256958,0.6168198771528728,-2.3780519079794518
Horizontal_Copolar,Uniform,True,1.075,ODR,-3.675580123825148,-3.6726960019645833,-3.678439218256279,-1354.879794427754,57.34017569073307,57.251303275435184,0.01806769375528304,0.018188520544766378,-0.06646091329287719,0.9942872881677595,9.601223223097333e-05,0.8596334697573058,0.38121493267456624,6.02806744732429e-20,27.89,-102.50336743232423,-102.42293599216141,-102.58310091578123,0.5038658903523305,0.5072354680464196,-1.8534400518136305
Horizontal_Copolar,Uniform,True,1.1,ODR,-3.5779218285965415,-3.575480556954512,-3.580440129189749,-1318.8839880126293,57.33616017956331,57.2555024377227,0.005198172891585857,0.005078197044285599,-0.018611746819500317,0.9954266581840056,7.23226278608991e-05,0.9654191975747565,0.9429696194116872,4.1978367906014354e-20,27.25,-97.5121799569829,-97.44564588187293,-97.58081336833023,0.14167027529795378,0.13840047037406497,-0.507241938790153
Horizontal_Copolar,Uniform,True,1.125,ODR,-3.56732577088753,-3.564457290654471,-3.5703269072930706,-1316.4674603369801,57.34316203033793,57.248403936809495,0.03661839002546033,0.03648318728712562,-0.1307396232096532,0.9933798884480591,0.00010932574850561514,0.7198358467204231,0.49243785106712834,5.254555069239701e-20,26.65,-95.0628765636549,-94.98643667567327,-95.1428515023047,0.9758148581098165,0.9722119459983771,-3.483978044445848
Horizontal_Copolar,Uniform,True,1.15,ODR,-3.7807107429758684,-3.777340553736526,-3.784273067395551,-1393.8183371565137,57.34759492700561,57.24324056823204,0.007309947526342992,0.007468974034347539,-0.02766283754801452,0.9943404476135194,7.541786902091454e-05,0.9051882462410844,0.702688650071809,8.620614631946264e-19,26.07,-98.55900579336885,-98.4711486354569,-98.651871705888,0.19056235971942484,0.1947080073474109,-0.7211400055455622
Horizontal_Copolar,Uniform,True,1.175,ODR,-3.73380827448232,-3.7309345615111846,-3.7366342751223653,-1377.5895862756283,57.33993974308076,57.254081598184854,0.005084005988808547,0.005203760753356257,-0.01899707103270939,0.9966108359330561,3.982433461782801e-05,0.9989242904514122,0.9780177907450375,2.7196190203452097e-18,25.51,-95.26532428151434,-95.19200364532684,-95.33742757327508,0.12971460866992637,0.1327700618802216,-0.48469605274013167
Horizontal_Copolar,Uniform,True,1.2,ODR,-3.7197920674829037,-3.7171264808300735,-3.7226492925588137,-1373.2480861873964,57.33938073759939,57.254135379402925,0.00826132015720409,0.008378233106290317,-0.030753997638817678,0.9960979353889093,4.1266275720086086e-05,0.9985504587573024,0.9750686445483481,5.9626546075024495e-18,24.98,-92.93046726330013,-92.8638736987448,-93.00184847401398,0.20639012302109674,0.20931092471931245,-0.7683180454556123
Horizontal_Copolar,Uniform,True,1.225,ODR,-3.929138860721349,-3.924513051114886,-3.933897662674024,-1449.8913228507938,57.36653543846783,57.22831707109935,0.013005315157946772,0.01320198075579354,-0.05116157890218586,0.9923369395405237,9.065015338322171e-05,0.8772005502734104,0.41397027807156755,9.835966404693717e-18,24.47,-96.1572405615488,-96.0440337997397,-96.27370202559189,0.318277175368614,0.32309014377535045,-1.2520698362650808
Horizontal_Copolar,Uniform,True,1.25,ODR,-4.198898937997342,-4.19619460778262,-4.201662942465805,-1547.0330605945928,57.33340554769107,57.259740143016394,0.018771637437417915,0.018658211873223973,-0.07887209339020261,0.997022284185039,3.649561383014969e-05,0.99447087082132,0.9025824944167903,1.448400862108521e-17,23.98,-100.703858681265,-100.63899965707981,-100.77014889674689,0.450207626243867,0.4474872959486879,-1.8916206996043514
Horizontal_Copolar,Uniform,True,1.275,ODR,-4.069644833789934,-4.066758291686412,-4.072461000008573,-1501.1840579059212,57.33457449459136,57.255705460246524,0.012184823767863302,0.012073834955763836,-0.04962221958660081,0.9963621913380788,3.747485654385702e-05,0.9946523799049974,0.9679631089866633,4.5945311055660184e-17,23.51,-95.69010414971653,-95.62223249855298,-95.75632104327123,0.28650339354231846,0.2838936987352754,-1.1667738965712
Horizontal_Copolar,Uniform,True,1.3,ODR,-4.073008768307138,-4.067859532828052,-4.078328990930504,-1503.4572561933003,57.36733000743392,57.223117808709524,0.00518804831009048,0.004993941205455231,-0.02115856782939001,0.9907358709503374,9.574332902780927e-05,0.6648357819280066,0.2788029160571654,5.0678830776915375e-17,23.06,-93.9274853927961,-93.80873908809642,-94.05017482490118,0.11964136577729009,0.11516506993006974,-0.48793685056404273
Vertical_Copolar,Amplitude,False,0.9,ODR,-3.2181000156866735,-3.2050154260661396,-3.2309299411311265,-1186.3504022889715,57.523024545842645,57.067717273122106,0.0411517252055085,0.04038734048879763,-0.13295834109567786,0.9417812861529314,0.0018311262341916728,0.71517213789739,0.4101392522054656,4.491165539884177e-22,33.31,-107.19579042139404,-106.75993916758725,-107.62315874194395,1.370775205588883,1.3453133419132846,-4.428878654297297
Vertical_Copolar,Amplitude,False,0.925,ODR,-6.598891303023633,-6.569068533760754,-6.628310045729102,-2407.4605473713036,57.55247962298662,57.03806501620968,0.1307283985690975,0.13216728675728476,-0.8665083574976269,0.9110177282334998,0.006507292449546201,0.40478594153214276,0.16683938305189958,3.3155159651075525e-18,32.41,-213.87003716846246,-212.90348135206406,-214.82349848596974,4.236906804046856,4.283541163692675,-28.083531932081762
Vertical_Copolar,Amplitude,False,0.95,ODR,-3.6812547826678017,-3.673566249653116,-3.688671764692665,-1353.3923061521155,57.40876913749919,57.18173636762549,0.08225577054665631,0.08181642487270532,-0.3034145382984897,0.9827108623783819,0.0006477420126823646,0.6963885408327077,0.34159789668497503,1.3258977981877836e-23,31.56,-116.16972840213012,-115.92710059045783,-116.4037868518328,2.595753645985905,2.581889170248491,-9.574883182046248
Vertical_Copolar,Amplitude,False,0.975,ODR,-3.636559707967655,-3.6339777485073252,-3.63919409064478,-1336.5262318788593,57.3376854996898,57.25617388617545,0.02339438494889641,0.02357184515902665,-0.085136707460293,0.9944791846381058,0.00012128192421650744,0.8459508335343351,0.898654446175655,3.363477971514481e-22,30.75,-111.81673574516773,-111.73734579921198,-111.89773759727932,0.719329247920806,0.7247857845969231,-2.6177787482613515
Vertical_Copolar,Amplitude,False,1.0,ODR,-3.382108333508039,-3.371659882027749,-3.3924967255143557,-1247.531028776745,57.4708665146652,57.118989902917,0.008499268788502148,0.007919947677964272,-0.028833741534259903,0.9590779384071361,0.0006649621990679434,0.6704595715044048,0.2544894449956637,2.4534752699680207e-20,29.98,-101.39305705246588,-101.07982035730889,-101.70449320989,0.2548016681307741,0.23743405816083016,-0.8644138247892468
Vertical_Copolar,Amplitude,False,1.025,ODR,-3.5065400520863217,-3.501096784803788,-3.512318695494486,-1290.5978931611219,57.38887283245713,57.20322657032189,0.006063260137504964,0.005772033092968762,-0.021296101936605152,0.9894434545244386,0.0002387274141533211,0.6223142641852865,0.17829788623329493,2.6126637485251684e-21,29.25,-102.55944012589332,-102.40023520119266,-102.728454146502,0.17733850342595428,0.16882068181448273,-0.6228693410139922
Vertical_Copolar,Amplitude,False,1.05,ODR,-4.077391171299848,-4.073828698823172,-4.081081520563812,-1497.1553307621498,57.34617996827278,57.24452034738618,0.011267068306999322,0.011480607591379116,-0.045981824258625126,0.995441778383963,9.985973489356597e-05,0.9615007426459603,0.7560914167788522,1.935359332118228e-20,28.55,-116.41629728299813,-116.31458277058479,-116.52166289030501,0.3216935335437357,0.327790435157429,-1.3128575350302145
Vertical_Copolar,Amplitude,False,1.075,ODR,-4.7436800269946096,-4.736161584333339,-4.751236730973782,-1738.9472011311939,57.38723846958284,57.205269344109645,0.015300537699111147,0.015686306166054917,-0.07269647671966596,0.9838253072609009,0.0003580324060753365,0.3229047440166425,0.05224838094271614,3.787476052600412e-20,27.89,-132.29018560541584,-132.08051375371775,-132.5009244761409,0.42669635400355305,0.43745453790345673,-2.027335390114273
Vertical_Copolar,Amplitude,False,1.1,ODR,-3.5391069439180707,-3.5341592253378624,-3.5439726834329304,-1304.8103363223238,57.37490669536821,57.21751111371489,0.005005695793197656,0.004770214825123122,-0.01774004915266763,0.9942245953833411,8.587227348715796e-05,0.9642752855484665,0.8488414347439219,1.374466778409601e-19,27.25,-96.45432453109696,-96.31948010249215,-96.58693471374674,0.13642453144027136,0.13000676614651827,-0.48348481277445876
Vertical_Copolar,Amplitude,False,1.125,ODR,-3.714018242698182,-3.7102574270208866,-3.717727670340999,-1368.4401893563381,57.35579807505673,57.23674162662948,0.029226351240795412,0.02905082295660366,-0.1086556147110101,0.9963055049353494,5.424133331690024e-05,0.9693870111341149,0.8385708439169026,2.894034807903998e-19,26.65,-98.97196960314031,-98.8717505652753,-99.07081924143483,0.7788301934977251,0.7741526774296035,-2.895478560863527
Vertical_Copolar,Amplitude,False,1.15,ODR,-3.6074775506316374,-3.6011898133540474,-3.6140332933141637,-1330.7263375053285,57.39985897394713,57.19293354143945,0.01845052952448856,0.018796633928616305,-0.0666808279807776,0.9882683500874535,0.0001458318209249077,0.9912226297635052,0.9806242533581482,1.9261792021577893e-18,26.07,-94.0430053985807,-93.87909094521488,-94.21390646056419,0.480985182395478,0.49000774674661557,-1.7382964627680428
Vertical_Copolar,Amplitude,False,1.175,ODR,-4.501629716213839,-4.483281762272097,-4.519527623823085,-1653.275275307212,57.534435457879674,57.05533856653933,0.07138534351881996,0.07208658233774458,-0.32262803196940704,0.8987673945846333,0.0012721660131706494,0.2212560363192546,0.05129007858492739,7.99354184236873e-17,25.51,-114.85571384081611,-114.38757952494669,-115.31236556126144,1.8213436254196942,1.8392352091788795,-8.231612827558394
Vertical_Copolar,Amplitude,False,1.2,ODR,-3.725200969915126,-3.7231163431240715,-3.727317752688422,-1374.8147028903688,57.32839483690769,57.26239325205695,0.0020932741430150377,0.002197539044781816,-0.007802297874503593,0.9962391255579728,4.1995281529509497e-05,0.9999999537716407,0.9999999985815169,2.243527995070033e-18,24.98,-93.06559627623663,-93.01351666042807,-93.11847923545818,0.05229565005019347,0.05490046931550939,-0.1949225048204673
Vertical_Copolar,Amplitude,False,1.225,ODR,-3.5764583820713094,-3.57052017893111,-3.582269726072064,-1322.174795896294,57.38848358767637,57.202097441442135,0.0064344246962842605,0.006688161366767282,-0.02304984479418954,0.987944243110396,0.00011205355948003735,0.9988372877735184,0.9750686445483481,8.675625998111032e-18,24.47,-87.52614279966213,-87.38081802288632,-87.66836297127598,0.157468734327752,0.16367839474643292,-0.5640954797851908
Vertical_Copolar,Amplitude,False,1.25,ODR,-3.8639859748771674,-3.8546042346823617,-3.8734302911116902,-1426.5340933241262,57.43545655041833,57.15841410532932,0.0753547308619329,0.07578552598146139,-0.2918812970991798,0.9678544579505269,0.0002974864639276312,0.22052639726064105,0.026257980749882358,7.860363707873968e-17,23.98,-92.67150824687617,-92.44650225061072,-92.89801502912233,1.8072623989621857,1.8175943291844137,-7.00030492012731
Vertical_Copolar,Amplitude,False,1.275,ODR,-3.6706636606993555,-3.6683574914135706,-3.672812015628005,-1357.4178184230104,57.33070097628616,57.2608058647894,0.007372575582337865,0.0074650567290469585,-0.027078084184936145,0.995910026254806,3.090539400433514e-05,0.9704369465616263,0.776789218251814,4.291251979043388e-17,23.51,-86.30880637900688,-86.25458111165398,-86.35932093623953,0.1733523573035176,0.17552687889493548,-0.6366906208417986
Vertical_Copolar,Amplitude,False,1.3,ODR,-3.945707518870071,-3.9414383449822377,-3.9500012213312425,-1457.191585394321,57.35941757210132,57.2330557400594,0.016624148730382975,0.01643255288853085,-0.06566540778860497,0.9814027180450335,0.0001460844883934105,0.4230486655606309,0.0916560140894893,8.171739646086416e-17,23.06,-90.99179658701077,-90.89334534597515,-91.09081348045348,0.3833688007722378,0.3789504170513587,-1.514307231270633
Vertical_Copolar,Amplitude,True,0.9,ODR,-3.2471514276850626,-3.2363557775567924,-3.258028140915816,-1196.7659206139067,57.484357278948224,57.10524597931557,0.033875372208620816,0.03324851770674415,-0.11036691593968417,0.9417813083724301,0.0018311255353320732,0.71517213789739,0.4101392522054656,4.491054592944979e-22,33.31,-108.16350088932379,-107.8038948351391,-108.52580717759142,1.1283979000097024,1.1075172053512612,-3.6763521123819216
Vertical_Copolar,Amplitude,True,0.925,ODR,-6.586987081232636,-6.564666860941888,-6.610028499207219,-2403.24507498905,57.488664940221156,57.10410195469228,0.1445101299592938,0.1456459395729278,-0.955216077455071,0.9110185040341708,0.00650723571507822,0.40478594153214276,0.16683938305189958,3.3152952167334375e-18,32.41,-213.48422139426785,-212.76082315599058,-214.23099364620361,4.683572655826608,4.720384240247297,-30.958548733121525
Vertical_Copolar,Amplitude,True,0.95,ODR,-3.672020493129455,-3.66854018905968,-3.6754875653487096,-1350.0509164851007,57.34855147943073,57.241756931194764,0.07366435206613096,0.07342215802417315,-0.2707524100285339,0.9827108342082366,0.0006477430680841428,0.6963885408327077,0.34159789668497503,1.325910983123225e-23,31.56,-115.8783209959633,-115.76849268947224,-115.9877317436132,2.32463338661924,2.31699044481382,-8.544161106513476
Vertical_Copolar,Amplitude,True,0.975,ODR,-3.6346299098422024,-3.6318620343163173,-3.6374176921996795,-1335.853135265261,57.33842630461954,57.25332847249222,0.03080751292937255,0.030952565465060408,-0.11205979258197009,0.9944791820429453,0.00012128198122730155,0.8459508335343351,0.898654446175655,3.363517171050006e-22,30.75,-111.7573984196833,-111.67229193687888,-111.8431169966389,0.9472676949706027,0.9517277622744997,-3.4456082729352797
Vertical_Copolar,Amplitude,True,1.0,ODR,-3.3737001309011894,-3.3663598553973624,-3.381504774738428,-1244.5205294899627,57.42122914987264,57.16691331791949,0.002412821259501519,0.002074792251428024,-0.008158966609594774,0.9590778357512858,0.0006649638671720734,0.6704595715044048,0.2544894449956637,2.4533663311988037e-20,29.98,-101.14098547977893,-100.92092955620998,-101.37496281575697,0.07233456161006163,0.06220070688949614,-0.24459966546303438
Vertical_Copolar,Amplitude,True,1.025,ODR,-3.5374403678394257,-3.5317324606248275,-3.54322235157179,-1301.6933905403237,57.38818972481697,57.20405307366404,0.000950159353781113,0.0012334223715354932,-0.0033666258598722474,0.9894434564474993,0.00023872737066491813,0.6223142641852865,0.17829788623329493,2.6126644710479783e-21,29.25,-103.46321394175665,-103.29626881649808,-103.6323256603168,0.027790303235290876,0.03607519263559168,-0.09846722358024046
Vertical_Copolar,Amplitude,True,1.05,ODR,-4.084489488776743,-4.081528223778561,-4.087440579457781,-1499.7216158618635,57.3377169624691,57.25453589869821,0.01910249202599634,0.01925905435019375,-0.07808030107582613,0.9954417788064793,9.985972563724253e-05,0.9615007426459603,0.7560914167788522,1.9353516028112055e-20,28.55,-116.61896604909936,-116.53441700980464,-116.7032245947231,0.5454079084189374,0.5498780230857311,-2.229322417228758
Vertical_Copolar,Amplitude,True,1.075,ODR,-4.752625230251924,-4.745101345287825,-4.760237996308561,-1742.1766927470744,57.3875699375836,57.203072902111614,0.024594557085490302,0.024949888968186024,-0.11707594514073087,0.983825303163905,0.00035803249676375447,0.3229047440166425,0.05224838094271614,3.7876208281238364e-20,27.89,-132.53964648651538,-132.3298228616692,-132.75194879798497,0.685884904379577,0.6957942828464718,-3.2649753829221266
Vertical_Copolar,Amplitude,True,1.1,ODR,-3.5381731904518543,-3.533870011123266,-3.542659905463984,-1304.4762127053082,57.36428047073932,57.22739605840466,0.002104906393063104,0.00231213773734516,-0.0074569674834594705,0.9942245949969738,8.587227923190437e-05,0.9642752855484665,0.8488414347439219,1.3744806818483208e-19,27.25,-96.42887614502396,-96.31159789883013,-96.55115644700867,0.05736682376693655,0.06301467777393309,-0.20323114646294446
Vertical_Copolar,Amplitude,True,1.125,ODR,-3.728568848490038,-3.725695301134226,-3.7316023639937677,-1373.6478117754625,57.34214187115248,57.25035874322681,0.02190973680783087,0.02178068993705789,-0.08175842566658294,0.9963055004366828,5.42413993648105e-05,0.9693870111341149,0.8385708439169026,2.8940152105884165e-19,26.65,-99.35971732542738,-99.28314240765154,-99.4405551093602,0.583855453489128,0.5804165842814623,-2.1787163904706834
Vertical_Copolar,Amplitude,True,1.15,ODR,-3.6119508769748694,-3.607664556580202,-3.616319881867101,-1332.3600098610639,57.36490407558583,57.22752541737424,0.025257166442853106,0.025463770738738893,-0.09133799316691625,0.9882683513630183,0.0001458318050688324,0.9912226297635052,0.9806242533581482,1.926165776011988e-18,26.07,-94.15962013770014,-94.04788043970947,-94.2735153303659,0.6584267834798304,0.6638127321491312,-2.3810818678519157
Vertical_Copolar,Amplitude,True,1.175,ODR,-4.4619872605493205,-4.44754614662543,-4.476277412576665,-1639.0884549591408,57.479756685825286,57.1156861433392,0.08083876922317412,0.08135631742869592,-0.361856756734192,0.8987673369554431,0.0012721667373829407,0.2212560363192546,0.05129007858492739,7.993141789024603e-17,25.51,-113.84426624721424,-113.47581203108648,-114.20886878350966,2.062540708690223,2.0757455638959144,-9.232504386829913
Vertical_Copolar,Amplitude,True,1.2,ODR,-3.7275136249905216,-3.7260873694291705,-3.7289530543422233,-1375.6504707516576,57.318162836434134,57.27413299849225,0.009260946422025119,0.009323674433570357,-0.03453363444651025,0.9962391150276387,4.1995399115021035e-05,0.9999999537716407,0.9999999985815169,2.243574709526941e-18,24.98,-93.12337265536655,-93.08774093366043,-93.15933349398856,0.23136349093876798,0.23293060633598459,-0.8627435961993982
Vertical_Copolar,Amplitude,True,1.225,ODR,-3.611474455561785,-3.6062739480723587,-3.6165541969537727,-1334.7755801917504,57.378130927601255,57.21392288210304,0.013866821530237682,0.014098473319380047,-0.05015011160359002,0.9879442434258411,0.00011205355654809857,0.9988372877735184,0.9750686445483481,8.675618006804573e-18,24.47,-88.3830860438432,-88.25581478481443,-88.50740181183573,0.3393606947916144,0.34502987513994804,-1.2273163450297613
Vertical_Copolar,Amplitude,True,1.25,ODR,-3.809777002696547,-3.80152615961617,-3.818248401744047,-1407.1207419192147,57.41972724278523,57.17157668684846,0.0826858846940351,0.0830637775242973,-0.31571524707979204,0.9678544241978965,0.0002974867762866722,0.22052639726064105,0.026257980749882358,7.860339962369268e-17,23.98,-91.37139296562162,-91.17350972341055,-91.57456588907354,1.9830883691463486,1.9921515227819393,-7.571923996010254
Vertical_Copolar,Amplitude,True,1.275,ODR,-3.667821124628263,-3.665901441075477,-3.6698002507418153,-1356.4058950375768,57.32527249392721,57.26555931125655,0.014456746413938968,0.014528295599169303,-0.05305337161478406,0.9959100342030073,3.0905333944709664e-05,0.9704369465616263,0.776789218251814,4.291128712878507e-17,23.51,-86.24196944757891,-86.19683167103994,-86.28850490501216,0.33992341506803514,0.341605760645141,-1.2474510338496896
Vertical_Copolar,Amplitude,True,1.3,ODR,-3.933863312541325,-3.9302187132648516,-3.9375181270672193,-1452.9286601052509,57.34786746261787,57.243358524344664,0.008913946149908272,0.008792227153469591,-0.03509882454896487,0.9814027110785774,0.0001460845431159868,0.4230486655606309,0.0916560140894893,8.171816920616272e-17,23.06,-90.71865783867584,-90.63460988671285,-90.80294136407984,0.205564140520049,0.20275718381792243,-0.8094125295726861
Vertical_Copolar,Uniform,False,0.9,ODR,-3.249524880681344,-3.242217822470247,-3.256647419011524,-1197.5366884229743,57.41664926706349,57.16972610175449,0.005699904327681794,0.005312844568530033,-0.01856257871735753,0.9417812946737645,0.0018311259661898602,0.71517213789739,0.4101392522054656,4.491062696477989e-22,33.31,-108.2425612568463,-107.99916115219588,-108.47981495386897,0.1898653698622847,0.17697230357461866,-0.6183245667216779
Vertical_Copolar,Uniform,False,0.925,ODR,-5.171170200507134,-5.151333931205261,-5.191402935949706,-1895.8666878752724,57.511492250644345,57.086600464090175,0.056362278113516594,0.057396140062666835,-0.2925992960753239,0.9110175224708833,0.0065073074970100914,0.40478594153214276,0.16683938305189958,3.315424921240548e-18,32.41,-167.59760271852826,-166.95470932052194,-168.25334558235448,1.826701177743864,1.8602086388215313,-9.483141857242282
Vertical_Copolar,Uniform,False,0.95,ODR,-3.246200575318193,-3.2413274480864813,-3.2512441252567794,-1197.4850306284907,57.38159631498943,57.205635949436385,0.05962845405297246,0.05931602656040633,-0.1938666609378705,0.982710851928955,0.0006477424041728457,0.6963885408327077,0.34159789668497503,1.3259165509711627e-23,31.56,-102.44067890901634,-102.2868971415488,-102.5998387230305,1.8817011376084922,1.871841831719737,-6.117869769138609
Vertical_Copolar,Uniform,False,0.975,ODR,-3.387816826773324,-3.385020219327033,-3.390637142051981,-1247.3646559641188,57.341992258204385,57.24918007949501,0.01920224336305934,0.01935174476436744,-0.06510783955751015,0.9944791808748237,0.00012128200688873342,0.850606279819557,0.898654446175655,3.363570025467622e-22,30.75,-104.16840346175744,-104.08241353146157,-104.25512235916499,0.5904295114795637,0.5950263722562406,-2.001932231386215
Vertical_Copolar,Uniform,False,1.0,ODR,-2.9788086877128137,-2.973020470818945,-2.984790325409641,-1102.9433243588496,57.40587926400455,57.18351369050081,0.002926250040801519,0.0026079392378500865,-0.00873424281151394,0.9590778688767274,0.0006649633289008911,0.6704595715044048,0.2544894449956637,2.453423220780596e-20,29.98,-89.30243784011789,-89.12891146311289,-89.48176282691762,0.08772676924544877,0.07818405144297241,-0.26184601212325953
Vertical_Copolar,Uniform,False,1.025,ODR,-3.727975810963446,-3.72401328076099,-3.731992254882256,-1370.0602159318773,57.35756437872684,57.2341229602435,0.01648188414809859,0.0166790336551791,-0.06151026398657058,0.9894434836900798,0.00023872675459682982,0.6223142641852865,0.17829788623329493,2.6126703615482505e-21,29.25,-109.03600309592926,-108.92010683551038,-109.15347622713308,0.48206288402241104,0.4878291216147188,-1.7990549495378414
Vertical_Copolar,Uniform,False,1.05,ODR,-4.026896458675599,-4.023847368083424,-4.03006545351187,-1479.0737545015572,57.34084612034269,57.25048194760145,0.019578561377393337,0.019741165072518954,-0.07890288383649466,0.9954417753675111,9.98598009768136e-05,0.9615007426459603,0.7560914167788522,1.935349576576083e-20,28.55,-114.97458928170029,-114.88753267567242,-115.06506935325793,0.5590004799459632,0.5636430857975434,-2.2528085227267813
Vertical_Copolar,Uniform,False,1.075,ODR,-4.028381161125896,-4.022550500368463,-4.034282230120813,-1482.3019966697127,57.379689896113696,57.21333734419312,0.017477257534367376,0.017720288292850845,-0.07050818950214341,0.9838253067223285,0.00035803241799682264,0.3229047440166425,0.05224838094271614,3.7875356935858263e-20,27.89,-112.34216651672804,-112.17956297065966,-112.50673358452467,0.4873999995653037,0.49417756128208173,-1.9663091572071971
Vertical_Copolar,Uniform,False,1.1,ODR,-3.628591310235832,-3.6258142288456296,-3.6313556819651884,-1336.9575249482084,57.34033870616792,57.25374326017368,0.007926692235459724,0.007791755964118926,-0.028784638888426008,0.9942245933091427,8.587230432761762e-05,0.9642752855484665,0.8488414347439219,1.3744724010671104e-19,27.25,-98.89311890664005,-98.8174327197278,-98.96845870623729,0.21603295900708958,0.21235542478357936,-0.7844925131821474
Vertical_Copolar,Uniform,False,1.125,ODR,-3.7573916619632346,-3.7549393545183447,-3.7598799019311846,-1384.036128647785,57.33376057072215,57.2592833792942,0.022816443998458023,0.022704844420245947,-0.08578708922334072,0.9963055001336903,5.424140381324266e-05,0.9693870111341149,0.8385708439169026,2.8940208731949235e-19,26.65,-100.12779395632562,-100.06244433173227,-100.19410111864434,0.608017584810407,0.6050436548669438,-2.286073097149389
Vertical_Copolar,Uniform,False,1.15,ODR,-3.617549530674419,-3.613377387134058,-3.6217384447768843,-1334.3803484367058,57.36209215573665,57.22972976102935,0.01916798919150946,0.019355919460430065,-0.0694214433639576,0.9882683493032572,0.00014583183067296278,0.9912226297635052,0.9806242533581482,1.926182860929074e-18,26.07,-94.305570933707,-94.19680770178581,-94.41477135589213,0.4996885734469612,0.5045877105993359,-1.8097413168685772
Vertical_Copolar,Uniform,False,1.175,ODR,-3.597611150652778,-3.584892491264432,-3.610844488070794,-1328.7489151027678,57.49707107302566,57.09184476718476,0.03158469028064149,0.03222286893957049,-0.1140474048072775,0.8987672152113438,0.001272168267312007,0.2212560363192546,0.05129007858492739,7.993411046998319e-17,25.51,-91.79035657722592,-91.46584949973682,-92.1279952795315,0.8058597390980614,0.8221423900600588,-2.909834197080403
Vertical_Copolar,Uniform,False,1.2,ODR,-3.631511462663633,-3.6279900336473125,-3.6349538328633657,-1341.2013357033936,57.35306584951519,57.243068710620804,0.008212469619718518,0.008359889605340218,-0.029851947921469772,0.996239120247543,4.199534082768538e-05,0.9999999537716407,0.9999999985815169,2.243551037167586e-18,24.98,-90.72497897059215,-90.63700414888588,-90.81097868921913,0.20516970446214497,0.20885265444946616,-0.7457824036221178
Vertical_Copolar,Uniform,False,1.225,ODR,-3.4423127356726426,-3.437171965999282,-3.447736839861879,-1274.042418952731,57.38501946354519,57.208736161411814,0.018702386950757283,0.018915212352467372,-0.06448090848347796,0.9879442495559118,0.000112053499571482,0.9988372877735184,0.9750686445483481,8.67560417804844e-18,24.47,-84.24321601893925,-84.11740671474426,-84.37595932729349,0.45770077995384906,0.46290922487658415,-1.5780318406804008
Vertical_Copolar,Uniform,False,1.25,ODR,-3.3030936056559153,-3.2953647795548133,-3.3111988201195217,-1225.1407121769914,57.43452026102353,57.16110759252993,0.0629737578151109,0.06329009051419482,-0.20851863257588774,0.9678544592467072,0.00029748645193231055,0.22052639726064105,0.026257980749882358,7.860412913174972e-17,23.98,-79.21940408349356,-79.03404058154925,-79.4137946568265,1.5103246115911044,1.5179113441834358,-5.00098507189794
Vertical_Copolar,Uniform,False,1.275,ODR,-3.4751520448643953,-3.471282997987549,-3.4789123966884516,-1287.2130854423924,57.35651796277758,57.2330243128666,0.012074950840900772,0.012216163470917385,-0.04200769616981334,0.9959100261204603,3.0905395019502226e-05,0.9704369465616263,0.776789218251814,4.2912893884793384e-17,23.51,-81.71171556499006,-81.62074214747422,-81.80013322116878,0.283919936691985,0.2872402881785203,-0.9877325874247471
Vertical_Copolar,Uniform,False,1.3,ODR,-3.5220953509456674,-3.514112536124952,-3.530218336955026,-1305.0807482358662,57.425089618162566,57.1654722329392,0.00636695097754664,0.006069939000843567,-0.022476727091428877,0.9814027259914686,0.00014608442597294997,0.4230486655606309,0.0916560140894893,8.17147209766484e-17,23.06,-81.22289404387494,-81.03880268411639,-81.41021788557073,0.14682799104032385,0.13997861022868902,-0.5183348663488195
Vertical_Copolar,Uniform,True,0.9,ODR,-3.252045271345029,-3.2474691228834063,-3.2565967432067993,-1198.4844064661836,57.3735733349441,57.21712805213161,0.0007366589037537798,0.0005135739841051188,-0.0023990009868188502,0.9417811113045447,0.0018311317336169757,0.71517213789739,0.4101392522054656,4.491229912217634e-22,33.31,-108.32651615820035,-108.17408340314671,-108.47812692897345,0.024538309273770115,0.017107289673302942,-0.07991137806476097
Vertical_Copolar,Uniform,True,0.925,ODR,-5.135872428486558,-5.118523541899501,-5.15292262782407,-1883.291259186122,57.49513525485911,57.1024369022407,0.06254237356563622,0.06341609306914577,-0.32227601194419286,0.9110174563220275,0.006507312334489982,0.40478594153214276,0.16683938305189958,3.31563746165899e-18,32.41,-166.45360208761238,-165.89132475209917,-167.00619897072403,2.026998043286087,2.0553152884276726,-10.444964083803994
Vertical_Copolar,Uniform,True,0.95,ODR,-3.2551384984706897,-3.2513532604226634,-3.2588426463668028,-1200.645941015438,57.36216277030054,57.22946519576583,0.05594953748190005,0.05574587490239146,-0.18233073879051379,0.9827108424410558,0.0006477427596394439,0.6963885408327077,0.34159789668497503,1.3259161810922617e-23,31.56,-102.72273385125867,-102.60328271246573,-102.83962601995037,1.765605196385468,1.7591781958261523,-5.7538295106277975
Vertical_Copolar,Uniform,True,0.975,ODR,-3.384785161037028,-3.3818036711990502,-3.3880771387111603,-1246.30198349277,57.34867996733467,57.2429975941425,0.023360613088411027,0.023539443118162397,-0.07914755915112212,0.9944791815014427,0.00012128199312309498,0.850606279819557,0.898654446175655,3.363542731349364e-22,30.75,-104.07518597222733,-103.98351128842944,-104.17640751875135,0.7182908326319706,0.7237894884456502,-2.4336247489861838
Vertical_Copolar,Uniform,True,1.0,ODR,-2.9886681674509283,-2.9840653743783094,-2.9935126283761644,-1106.4642637276663,57.38597767702572,57.20508085590653,0.00024559427167351487,0.00044835671214877193,-0.0007351895537115133,0.9590778463019682,0.0006649636957289768,0.6704595715044048,0.2544894449956637,2.4533949727628914e-20,29.98,-89.59801760664695,-89.46002934175637,-89.74325089149309,0.0073627310375722795,0.013441396079587881,-0.02204042834030976
Vertical_Copolar,Uniform,True,1.025,ODR,-3.7334712590633248,-3.7302214621835468,-3.7368387866194417,-1372.036899882071,57.34593186504493,57.24626520981093,0.02051859150801355,0.02066470535860303,-0.07667466859394534,0.9894434684529407,0.0002387270991719392,0.6223142641852865,0.17829788623329493,2.6126788010306497e-21,29.25,-109.19673420750722,-109.10168400315703,-109.29522780393951,0.6001286812571034,0.604402225687939,-2.24258413308432
Vertical_Copolar,Uniform,True,1.05,ODR,-4.020456874658436,-4.017959818168661,-4.023099973181572,-1476.7813340019075,57.33215977464606,57.26134865395626,0.024046066767024876,0.02417557915543793,-0.09673973056554007,0.9954417729456944,9.98598540330247e-05,0.9615007426459603,0.7560914167788522,1.9353331440106423e-20,28.55,-114.7907284511286,-114.71943333657295,-114.86619330855595,0.6865551867922381,0.690252980817362,-2.7620801535715227
Vertical_Copolar,Uniform,True,1.075,ODR,-4.030073894223502,-4.023704816515268,-4.0364010657529965,-1482.9458687625183,57.38534539937022,57.207106888544764,0.022049721518095425,0.022303418809631034,-0.08900151943519716,0.9838253011409865,0.00035803254154175143,0.3229047440166425,0.05224838094271614,3.78760989143468e-20,27.89,-112.38937289961821,-112.21175415902802,-112.56582297450329,0.6149153685697971,0.6219903950458345,-2.482045049043026
Vertical_Copolar,Uniform,True,1.1,ODR,-3.62966705513451,-3.626935925251392,-3.6323575113448685,-1337.33993725251,57.33860375067032,57.25408975227929,0.004004122703540179,0.0038885824977094663,-0.014544405178550691,0.9942245943140805,8.58722893855834e-05,0.9642752855484665,0.8488414347439219,1.3744970644885044e-19,27.25,-98.92243710730875,-98.84800327632901,-98.99576242371282,0.10912779885708324,0.10597888228400912,-0.3963911798750583
Vertical_Copolar,Uniform,True,1.125,ODR,-3.764597540106641,-3.762970739105149,-3.766223803530398,-1386.600606215434,57.320550965588545,57.27168887335749,0.019131751041492614,0.019064849074123796,-0.07205445617568697,0.9963054875635327,5.4241588364067e-05,0.9693870111341149,0.8385708439169026,2.893997853076752e-19,26.65,-100.31981777149542,-100.27646642296972,-100.36315479453219,0.5098270818287227,0.5080442635849419,-1.9201228912677757
Vertical_Copolar,Uniform,True,1.15,ODR,-3.6094536286110492,-3.606587779404864,-3.612326211573577,-1331.4973574545677,57.34209590704835,57.251717622287494,0.022302551095418056,0.022431630143135733,-0.08056408990693763,0.9882683364768343,0.00014583199011350352,0.9912226297635052,0.9806242533581482,1.9261890726856617e-18,26.07,-94.09451959637614,-94.01981003309095,-94.16940470134527,0.5814031837013889,0.5847681337006568,-2.1002179599768542
Vertical_Copolar,Uniform,True,1.175,ODR,-3.575599436588875,-3.561978273579714,-3.5892775910779857,-1320.9104554140247,57.52284269803239,57.079894648371386,0.03658442169703705,0.03723907706708518,-0.13131164497972234,0.8987672209464461,0.0012721681952403438,0.2212560363192546,0.05129007858492739,7.993413592348981e-17,25.51,-91.22874416326756,-90.88121038119651,-91.57773204030538,0.9334241451117676,0.9501271870291828,-3.3503183670207934
Vertical_Copolar,Uniform,True,1.2,ODR,-3.6284062474624066,-3.626256162356747,-3.6306974887515704,-1340.0839444274986,57.33162032836244,57.260509244865794,0.01191871579793347,0.01201475862901206,-0.043273251516700716,0.9962391134359012,4.199541688893651e-05,0.9999999537716407,0.9999999985815169,2.2435848218468076e-18,24.98,-90.64740229577593,-90.59368735421468,-90.70464370060505,0.2977617587721588,0.30016116847235297,-1.0810828698203279
Vertical_Copolar,Uniform,True,1.225,ODR,-3.4415692152852757,-3.437122783612585,-3.4459801490706283,-1273.7948250534837,57.37115979066943,57.22200288691359,0.02254419667181127,0.022753432532583627,-0.07768685420780576,0.9879442420557073,0.00011205356928295722,0.9988372877735184,0.9750686445483481,8.675598961126267e-18,24.47,-84.22501995326563,-84.11620308138932,-84.33296809053797,0.5517208272553241,0.5568414258677886,-1.901219018550672
Vertical_Copolar,Uniform,True,1.25,ODR,-3.272866446102673,-3.2662033655066725,-3.2796759969464286,-1214.3279343602635,57.416301455563236,57.179929030401716,0.06648647025717933,0.06675953764455139,-0.21805408062416368,0.9678544434998132,0.0002974865976597588,0.22052639726064105,0.026257980749882358,7.860434220697582e-17,23.98,-78.49445412662759,-78.33465082184942,-78.65777028545362,1.5945713873714944,1.6011204708322873,-5.229677504579856
Vertical_Copolar,Uniform,True,1.275,ODR,-3.4726623663214533,-3.4700023643352274,-3.4755615220489924,-1286.3257546614627,57.33955770942322,57.250639775619874,0.015239110060409308,0.015340274957921535,-0.05296446455622829,0.9959100297674935,3.090536746113478e-05,0.9704369465616263,0.776789218251814,4.291208153924842e-17,23.51,-81.65317541989057,-81.59063043685249,-81.72134365688538,0.35831923629353996,0.36069794008087397,-1.2453605502718084
Vertical_Copolar,Uniform,True,1.3,ODR,-3.521046164059779,-3.514681676207891,-3.527444723878408,-1304.6858684240387,57.40156500286508,57.19500161750145,0.0029974877256814278,0.0027502776260205906,-0.01057347226284524,0.9814026986400206,0.00014608464082274908,0.4230486655606309,0.0916560140894893,8.171860686268405e-17,23.06,-81.19869878884249,-81.05192759984028,-81.34625571004916,0.06912493946975884,0.06342403766823981,-0.24383440302101514
